,flink_taskmanager_job_task_Shuffle_Netty_Input_Buffers_inputQueueLength,flink_taskmanager_job_task_Shuffle_Netty_Input_Buffers_inputQueueLength,flink_taskmanager_job_task_Shuffle_Netty_Input_Buffers_inputQueueLength,flink_taskmanager_job_task_Shuffle_Netty_Input_Buffers_inputQueueLength,flink_taskmanager_job_task_Shuffle_Netty_Input_Buffers_inputQueueLength,flink_taskmanager_job_task_Shuffle_Netty_Input_Buffers_inputQueueLength,flink_taskmanager_job_task_Shuffle_Netty_Input_Buffers_inputQueueLength,flink_taskmanager_job_task_Shuffle_Netty_Input_Buffers_inputQueueLength,flink_taskmanager_job_task_Shuffle_Netty_Input_Buffers_inputQueueLength,flink_taskmanager_job_task_Shuffle_Netty_Input_Buffers_inputQueueLength,flink_taskmanager_job_task_Shuffle_Netty_Input_Buffers_inputQueueLength,flink_taskmanager_job_task_Shuffle_Netty_Input_Buffers_inputQueueLength,flink_taskmanager_job_task_Shuffle_Netty_Input_Buffers_inputQueueLength,flink_taskmanager_job_task_Shuffle_Netty_Input_Buffers_inputQueueLength,flink_taskmanager_job_task_Shuffle_Netty_Input_Buffers_inputQueueLength,flink_taskmanager_job_task_Shuffle_Netty_Input_Buffers_inputQueueLength,flink_taskmanager_job_task_Shuffle_Netty_Input_Buffers_inputQueueLength,flink_taskmanager_job_task_Shuffle_Netty_Input_Buffers_inputQueueLength,flink_taskmanager_job_task_Shuffle_Netty_Input_Buffers_inputQueueLength,flink_taskmanager_job_task_Shuffle_Netty_Input_Buffers_inputQueueLength,flink_taskmanager_job_task_Shuffle_Netty_Input_Buffers_inputQueueLength,flink_taskmanager_job_task_Shuffle_Netty_Input_Buffers_inputQueueLength,flink_taskmanager_job_task_Shuffle_Netty_Input_Buffers_inputQueueLength,flink_taskmanager_job_task_Shuffle_Netty_Input_Buffers_inputQueueLength,flink_taskmanager_job_task_Shuffle_Netty_Input_Buffers_inputQueueLength,flink_taskmanager_job_task_Shuffle_Netty_Input_Buffers_inputQueueLength,flink_taskmanager_job_task_Shuffle_Netty_Input_Buffers_inputQueueLength,flink_taskmanager_job_task_Shuffle_Netty_Input_Buffers_inputQueueLength,flink_taskmanager_job_task_Shuffle_Netty_Input_Buffers_inputQueueLength,flink_taskmanager_job_task_Shuffle_Netty_Input_Buffers_inputQueueLength,flink_taskmanager_job_task_Shuffle_Netty_Output_Buffers_outputQueueLength,flink_taskmanager_job_task_Shuffle_Netty_Output_Buffers_outputQueueLength,flink_taskmanager_job_task_Shuffle_Netty_Output_Buffers_outputQueueLength,flink_taskmanager_job_task_Shuffle_Netty_Output_Buffers_outputQueueLength,flink_taskmanager_job_task_Shuffle_Netty_Output_Buffers_outputQueueLength,flink_taskmanager_job_task_Shuffle_Netty_Output_Buffers_outputQueueLength,flink_taskmanager_job_task_Shuffle_Netty_Output_Buffers_outputQueueLength,flink_taskmanager_job_task_Shuffle_Netty_Output_Buffers_outputQueueLength,flink_taskmanager_job_task_Shuffle_Netty_Output_Buffers_outputQueueLength,flink_taskmanager_job_task_Shuffle_Netty_Output_Buffers_outputQueueLength,flink_taskmanager_job_task_Shuffle_Netty_Output_Buffers_outputQueueLength,flink_taskmanager_job_task_Shuffle_Netty_Output_Buffers_outputQueueLength,flink_taskmanager_job_task_Shuffle_Netty_Output_Buffers_outputQueueLength,flink_taskmanager_job_task_Shuffle_Netty_Output_Buffers_outputQueueLength,flink_taskmanager_job_task_Shuffle_Netty_Output_Buffers_outputQueueLength,flink_taskmanager_job_task_Shuffle_Netty_Output_Buffers_outputQueueLength,flink_taskmanager_job_task_Shuffle_Netty_Output_Buffers_outputQueueLength,flink_taskmanager_job_task_Shuffle_Netty_Output_Buffers_outputQueueLength,flink_taskmanager_job_task_Shuffle_Netty_Output_Buffers_outputQueueLength,flink_taskmanager_job_task_Shuffle_Netty_Output_Buffers_outputQueueLength,flink_taskmanager_job_task_Shuffle_Netty_Output_Buffers_outputQueueLength,flink_taskmanager_job_task_Shuffle_Netty_Output_Buffers_outputQueueLength,flink_taskmanager_job_task_Shuffle_Netty_Output_Buffers_outputQueueLength,flink_taskmanager_job_task_Shuffle_Netty_Output_Buffers_outputQueueLength,flink_taskmanager_job_task_Shuffle_Netty_Output_Buffers_outputQueueLength,flink_taskmanager_job_task_Shuffle_Netty_Output_Buffers_outputQueueLength,flink_taskmanager_job_task_Shuffle_Netty_Output_Buffers_outputQueueLength,flink_taskmanager_job_task_Shuffle_Netty_Output_Buffers_outputQueueLength,flink_taskmanager_job_task_Shuffle_Netty_Output_Buffers_outputQueueLength,flink_taskmanager_job_task_Shuffle_Netty_Output_Buffers_outputQueueLength,flink_taskmanager_job_task_estimatedTimeToConsumeBuffersMs,flink_taskmanager_job_task_estimatedTimeToConsumeBuffersMs,flink_taskmanager_job_task_estimatedTimeToConsumeBuffersMs,flink_taskmanager_job_task_estimatedTimeToConsumeBuffersMs,flink_taskmanager_job_task_estimatedTimeToConsumeBuffersMs,flink_taskmanager_job_task_estimatedTimeToConsumeBuffersMs,flink_taskmanager_job_task_estimatedTimeToConsumeBuffersMs,flink_taskmanager_job_task_estimatedTimeToConsumeBuffersMs,flink_taskmanager_job_task_estimatedTimeToConsumeBuffersMs,flink_taskmanager_job_task_estimatedTimeToConsumeBuffersMs,flink_taskmanager_job_task_estimatedTimeToConsumeBuffersMs,flink_taskmanager_job_task_estimatedTimeToConsumeBuffersMs,flink_taskmanager_job_task_estimatedTimeToConsumeBuffersMs,flink_taskmanager_job_task_estimatedTimeToConsumeBuffersMs,flink_taskmanager_job_task_estimatedTimeToConsumeBuffersMs,flink_taskmanager_job_task_estimatedTimeToConsumeBuffersMs,flink_taskmanager_job_task_estimatedTimeToConsumeBuffersMs,flink_taskmanager_job_task_estimatedTimeToConsumeBuffersMs,flink_taskmanager_job_task_estimatedTimeToConsumeBuffersMs,flink_taskmanager_job_task_estimatedTimeToConsumeBuffersMs,flink_taskmanager_job_task_estimatedTimeToConsumeBuffersMs,flink_taskmanager_job_task_estimatedTimeToConsumeBuffersMs,flink_taskmanager_job_task_estimatedTimeToConsumeBuffersMs,flink_taskmanager_job_task_estimatedTimeToConsumeBuffersMs,flink_taskmanager_job_task_estimatedTimeToConsumeBuffersMs,flink_taskmanager_job_task_estimatedTimeToConsumeBuffersMs,flink_taskmanager_job_task_estimatedTimeToConsumeBuffersMs,flink_taskmanager_job_task_estimatedTimeToConsumeBuffersMs,flink_taskmanager_job_task_estimatedTimeToConsumeBuffersMs,flink_taskmanager_job_task_estimatedTimeToConsumeBuffersMs
,Timestamps_Watermarks____Map,TumblingEventTimeWindows____Timestamps_Watermarks,TumblingEventTimeWindows____Timestamps_Watermarks,TumblingEventTimeWindows____Timestamps_Watermarks,TumblingEventTimeWindows____Timestamps_Watermarks,TumblingEventTimeWindows____Timestamps_Watermarks,TumblingEventTimeWindows____Timestamps_Watermarks,TumblingEventTimeWindows____Timestamps_Watermarks,TumblingEventTimeWindows____Timestamps_Watermarks,TumblingEventTimeWindows____Timestamps_Watermarks,TumblingEventTimeWindows____Timestamps_Watermarks,TumblingEventTimeWindows____Timestamps_Watermarks,TumblingEventTimeWindows____Timestamps_Watermarks,TumblingEventTimeWindows____Timestamps_Watermarks,TumblingEventTimeWindows____Timestamps_Watermarks,TumblingEventTimeWindows____Timestamps_Watermarks,TumblingEventTimeWindows____Timestamps_Watermarks,TumblingEventTimeWindows____Timestamps_Watermarks,TumblingEventTimeWindows____Timestamps_Watermarks,TumblingEventTimeWindows____Timestamps_Watermarks,TumblingEventTimeWindows____Timestamps_Watermarks,TumblingEventTimeWindows____Timestamps_Watermarks,TumblingEventTimeWindows____Timestamps_Watermarks,TumblingEventTimeWindows____Timestamps_Watermarks,TumblingEventTimeWindows____Timestamps_Watermarks,TumblingEventTimeWindows____Timestamps_Watermarks,TumblingEventTimeWindows____Timestamps_Watermarks,Sink:_Sink,Source:_Source1,Source:_Source2,Timestamps_Watermarks____Map,TumblingEventTimeWindows____Timestamps_Watermarks,TumblingEventTimeWindows____Timestamps_Watermarks,TumblingEventTimeWindows____Timestamps_Watermarks,TumblingEventTimeWindows____Timestamps_Watermarks,TumblingEventTimeWindows____Timestamps_Watermarks,TumblingEventTimeWindows____Timestamps_Watermarks,TumblingEventTimeWindows____Timestamps_Watermarks,TumblingEventTimeWindows____Timestamps_Watermarks,TumblingEventTimeWindows____Timestamps_Watermarks,TumblingEventTimeWindows____Timestamps_Watermarks,TumblingEventTimeWindows____Timestamps_Watermarks,TumblingEventTimeWindows____Timestamps_Watermarks,TumblingEventTimeWindows____Timestamps_Watermarks,TumblingEventTimeWindows____Timestamps_Watermarks,TumblingEventTimeWindows____Timestamps_Watermarks,TumblingEventTimeWindows____Timestamps_Watermarks,TumblingEventTimeWindows____Timestamps_Watermarks,TumblingEventTimeWindows____Timestamps_Watermarks,TumblingEventTimeWindows____Timestamps_Watermarks,TumblingEventTimeWindows____Timestamps_Watermarks,TumblingEventTimeWindows____Timestamps_Watermarks,TumblingEventTimeWindows____Timestamps_Watermarks,TumblingEventTimeWindows____Timestamps_Watermarks,TumblingEventTimeWindows____Timestamps_Watermarks,TumblingEventTimeWindows____Timestamps_Watermarks,TumblingEventTimeWindows____Timestamps_Watermarks,Sink:_Sink,Source:_Source1,Source:_Source2,Timestamps_Watermarks____Map,TumblingEventTimeWindows____Timestamps_Watermarks,TumblingEventTimeWindows____Timestamps_Watermarks,TumblingEventTimeWindows____Timestamps_Watermarks,TumblingEventTimeWindows____Timestamps_Watermarks,TumblingEventTimeWindows____Timestamps_Watermarks,TumblingEventTimeWindows____Timestamps_Watermarks,TumblingEventTimeWindows____Timestamps_Watermarks,TumblingEventTimeWindows____Timestamps_Watermarks,TumblingEventTimeWindows____Timestamps_Watermarks,TumblingEventTimeWindows____Timestamps_Watermarks,TumblingEventTimeWindows____Timestamps_Watermarks,TumblingEventTimeWindows____Timestamps_Watermarks,TumblingEventTimeWindows____Timestamps_Watermarks,TumblingEventTimeWindows____Timestamps_Watermarks,TumblingEventTimeWindows____Timestamps_Watermarks,TumblingEventTimeWindows____Timestamps_Watermarks,TumblingEventTimeWindows____Timestamps_Watermarks,TumblingEventTimeWindows____Timestamps_Watermarks,TumblingEventTimeWindows____Timestamps_Watermarks,TumblingEventTimeWindows____Timestamps_Watermarks,TumblingEventTimeWindows____Timestamps_Watermarks,TumblingEventTimeWindows____Timestamps_Watermarks,TumblingEventTimeWindows____Timestamps_Watermarks,TumblingEventTimeWindows____Timestamps_Watermarks,TumblingEventTimeWindows____Timestamps_Watermarks,TumblingEventTimeWindows____Timestamps_Watermarks,Sink:_Sink,Source:_Source1,Source:_Source2
,0,0,1,2,3,4,5,6,7,8,9,10,11,12,13,14,15,16,17,18,19,20,21,22,23,24,25,0,0,0,0,0,1,2,3,4,5,6,7,8,9,10,11,12,13,14,15,16,17,18,19,20,21,22,23,24,25,0,0,0,0,0,1,2,3,4,5,6,7,8,9,10,11,12,13,14,15,16,17,18,19,20,21,22,23,24,25,0,0,0
Timestamp,,,,,,,,,,,,,,,,,,,,,,,,,,,,,,,,,,,,,,,,,,,,,,,,,,,,,,,,,,,,,,,,,,,,,,,,,,,,,,,,,,,,,,,,,,
1737580285000,0.0,0.0,,,,,,,,,,,,,,,,,,,,,,,,,,0.0,0.0,0.0,0.0,0.0,,,,,,,,,,,,,,,,,,,,,,,,,,0.0,0.0,0.0,4272.0,9874000.0,,,,,,,,,,,,,,,,,,,,,,,,,,2304.0,-9.223372036854776e+18,-9.223372036854776e+18
1737580290000,1.0,1.0,,,,,,,,,,,,,,,,,,,,,,,,,,0.0,0.0,0.0,1.0,0.0,,,,,,,,,,,,,,,,,,,,,,,,,,0.0,1.0,0.0,1.0,900000.0,,,,,,,,,,,,,,,,,,,,,,,,,,1117.0,-9.223372036854776e+18,-9.223372036854776e+18
1737580295000,0.0,1.0,,,,,,,,,,,,,,,,,,,,,,,,,,0.0,0.0,0.0,0.0,0.0,,,,,,,,,,,,,,,,,,,,,,,,,,0.0,0.0,1.0,2.0,1293000.0,,,,,,,,,,,,,,,,,,,,,,,,,,493.0,-9.223372036854776e+18,-9.223372036854776e+18
1737580300000,1.0,1.0,,,,,,,,,,,,,,,,,,,,,,,,,,1.0,0.0,0.0,1.0,1.0,,,,,,,,,,,,,,,,,,,,,,,,,,0.0,1.0,0.0,4.0,300000.0,,,,,,,,,,,,,,,,,,,,,,,,,,862.0,-9.223372036854776e+18,-9.223372036854776e+18
1737580305000,9.0,19.0,,,,,,,,,,,,,,,,,,,,,,,,,,1.0,0.0,0.0,9.0,1.0,,,,,,,,,,,,,,,,,,,,,,,,,,0.0,9.0,9.0,146340000.0,2.0,,,,,,,,,,,,,,,,,,,,,,,,,,0.0,-9.223372036854776e+18,-9.223372036854776e+18
1737580310000,9.0,19.0,,,,,,,,,,,,,,,,,,,,,,,,,,1.0,0.0,0.0,9.0,1.0,,,,,,,,,,,,,,,,,,,,,,,,,,0.0,9.0,9.0,80919000.0,6.0,,,,,,,,,,,,,,,,,,,,,,,,,,0.0,-9.223372036854776e+18,-9.223372036854776e+18
1737580315000,9.0,19.0,,,,,,,,,,,,,,,,,,,,,,,,,,1.0,0.0,0.0,9.0,1.0,,,,,,,,,,,,,,,,,,,,,,,,,,0.0,9.0,9.0,79290000.0,11.0,,,,,,,,,,,,,,,,,,,,,,,,,,0.0,-9.223372036854776e+18,-9.223372036854776e+18
1737580320000,9.0,19.0,,,,,,,,,,,,,,,,,,,,,,,,,,1.0,0.0,0.0,9.0,1.0,,,,,,,,,,,,,,,,,,,,,,,,,,0.0,9.0,9.0,6453000.0,11.0,,,,,,,,,,,,,,,,,,,,,,,,,,0.0,-9.223372036854776e+18,-9.223372036854776e+18
1737580325000,9.0,19.0,,,,,,,,,,,,,,,,,,,,,,,,,,1.0,0.0,0.0,9.0,2.0,,,,,,,,,,,,,,,,,,,,,,,,,,0.0,9.0,9.0,8298000.0,45.0,,,,,,,,,,,,,,,,,,,,,,,,,,0.0,-9.223372036854776e+18,-9.223372036854776e+18
1737580330000,9.0,19.0,,,,,,,,,,,,,,,,,,,,,,,,,,1.0,0.0,0.0,9.0,1.0,,,,,,,,,,,,,,,,,,,,,,,,,,0.0,9.0,9.0,2304000.0,45.0,,,,,,,,,,,,,,,,,,,,,,,,,,0.0,-9.223372036854776e+18,-9.223372036854776e+18
1737580335000,9.0,19.0,,,,,,,,,,,,,,,,,,,,,,,,,,0.0,0.0,0.0,10.0,0.0,,,,,,,,,,,,,,,,,,,,,,,,,,0.0,9.0,9.0,0.0,80.0,,,,,,,,,,,,,,,,,,,,,,,,,,862.0,-9.223372036854776e+18,-9.223372036854776e+18
1737580340000,9.0,19.0,,,,,,,,,,,,,,,,,,,,,,,,,,1.0,0.0,0.0,9.0,1.0,,,,,,,,,,,,,,,,,,,,,,,,,,0.0,9.0,9.0,2304000.0,77.0,,,,,,,,,,,,,,,,,,,,,,,,,,0.0,-9.223372036854776e+18,-9.223372036854776e+18
1737580345000,9.0,19.0,,,,,,,,,,,,,,,,,,,,,,,,,,1.0,0.0,0.0,9.0,1.0,,,,,,,,,,,,,,,,,,,,,,,,,,0.0,9.0,9.0,2304000.0,77.0,,,,,,,,,,,,,,,,,,,,,,,,,,0.0,-9.223372036854776e+18,-9.223372036854776e+18
1737580350000,9.0,19.0,,,,,,,,,,,,,,,,,,,,,,,,,,0.0,0.0,0.0,9.0,0.0,,,,,,,,,,,,,,,,,,,,,,,,,,0.0,9.0,9.0,1.0,74.0,,,,,,,,,,,,,,,,,,,,,,,,,,0.0,-9.223372036854776e+18,-9.223372036854776e+18
1737580355000,9.0,19.0,,,,,,,,,,,,,,,,,,,,,,,,,,1.0,0.0,0.0,9.0,1.0,,,,,,,,,,,,,,,,,,,,,,,,,,0.0,9.0,9.0,2304000.0,96.0,,,,,,,,,,,,,,,,,,,,,,,,,,0.0,-9.223372036854776e+18,-9.223372036854776e+18
1737580360000,9.0,19.0,,,,,,,,,,,,,,,,,,,,,,,,,,1.0,0.0,0.0,9.0,1.0,,,,,,,,,,,,,,,,,,,,,,,,,,0.0,9.0,9.0,2304000.0,96.0,,,,,,,,,,,,,,,,,,,,,,,,,,0.0,-9.223372036854775e+18,-9.223372036854775e+18
1737580365000,9.0,20.0,,,,,,,,,,,,,,,,,,,,,,,,,,0.0,0.0,0.0,10.0,0.0,,,,,,,,,,,,,,,,,,,,,,,,,,0.0,9.0,9.0,0.0,92.0,,,,,,,,,,,,,,,,,,,,,,,,,,862.0,-9.223372036854775e+18,-9.223372036854775e+18
1737580370000,9.0,19.0,,,,,,,,,,,,,,,,,,,,,,,,,,1.0,0.0,0.0,9.0,1.0,,,,,,,,,,,,,,,,,,,,,,,,,,0.0,9.0,9.0,2304000.0,80.0,,,,,,,,,,,,,,,,,,,,,,,,,,0.0,-9.223372036854775e+18,-9.223372036854775e+18
1737580375000,9.0,19.0,,,,,,,,,,,,,,,,,,,,,,,,,,1.0,0.0,0.0,9.0,1.0,,,,,,,,,,,,,,,,,,,,,,,,,,0.0,9.0,9.0,2304000.0,80.0,,,,,,,,,,,,,,,,,,,,,,,,,,0.0,-9.223372036854775e+18,-9.223372036854775e+18
1737580380000,9.0,19.0,,,,,,,,,,,,,,,,,,,,,,,,,,0.0,0.0,0.0,10.0,0.0,,,,,,,,,,,,,,,,,,,,,,,,,,0.0,9.0,10.0,7.0,7890.0,,,,,,,,,,,,,,,,,,,,,,,,,,0.0,-9.223372036854775e+18,-9.223372036854775e+18
1737580385000,9.0,19.0,,,,,,,,,,,,,,,,,,,,,,,,,,1.0,0.0,0.0,10.0,1.0,,,,,,,,,,,,,,,,,,,,,,,,,,0.0,9.0,9.0,2304000.0,83.0,,,,,,,,,,,,,,,,,,,,,,,,,,0.0,-9.223372036854775e+18,-9.223372036854775e+18
1737580390000,9.0,19.0,,,,,,,,,,,,,,,,,,,,,,,,,,1.0,0.0,0.0,9.0,1.0,,,,,,,,,,,,,,,,,,,,,,,,,,0.0,9.0,9.0,4221000.0,67.0,,,,,,,,,,,,,,,,,,,,,,,,,,0.0,-9.223372036854775e+18,-9.223372036854775e+18
1737580395000,9.0,19.0,,,,,,,,,,,,,,,,,,,,,,,,,,1.0,0.0,0.0,9.0,1.0,,,,,,,,,,,,,,,,,,,,,,,,,,0.0,9.0,9.0,4527000.0,84.0,,,,,,,,,,,,,,,,,,,,,,,,,,0.0,-9.223372036854775e+18,-9.223372036854775e+18
1737580400000,9.0,19.0,,,,,,,,,,,,,,,,,,,,,,,,,,1.0,0.0,0.0,9.0,1.0,,,,,,,,,,,,,,,,,,,,,,,,,,0.0,9.0,9.0,2304000.0,84.0,,,,,,,,,,,,,,,,,,,,,,,,,,0.0,-9.223372036854775e+18,-9.223372036854775e+18
1737580405000,9.0,19.0,,,,,,,,,,,,,,,,,,,,,,,,,,0.0,0.0,0.0,9.0,0.0,,,,,,,,,,,,,,,,,,,,,,,,,,0.0,9.0,9.0,6.0,290.0,,,,,,,,,,,,,,,,,,,,,,,,,,2.0,-9.223372036854775e+18,-9.223372036854775e+18
1737580410000,9.0,19.0,,,,,,,,,,,,,,,,,,,,,,,,,,1.0,0.0,0.0,9.0,1.0,,,,,,,,,,,,,,,,,,,,,,,,,,0.0,9.0,9.0,2304000.0,80.0,,,,,,,,,,,,,,,,,,,,,,,,,,0.0,-9.223372036854775e+18,-9.223372036854775e+18
1737580415000,9.0,19.0,,,,,,,,,,,,,,,,,,,,,,,,,,0.0,0.0,0.0,9.0,0.0,,,,,,,,,,,,,,,,,,,,,,,,,,0.0,9.0,9.0,0.0,140.0,,,,,,,,,,,,,,,,,,,,,,,,,,0.0,-9.223372036854775e+18,-9.223372036854775e+18
1737580420000,10.0,20.0,,,,,,,,,,,,,,,,,,,,,,,,,,1.0,0.0,0.0,9.0,1.0,,,,,,,,,,,,,,,,,,,,,,,,,,0.0,10.0,9.0,2560000.0,87.0,,,,,,,,,,,,,,,,,,,,,,,,,,0.0,-9.223372036854775e+18,-9.223372036854775e+18
1737580425000,10.0,20.0,,,,,,,,,,,,,,,,,,,,,,,,,,1.0,0.0,0.0,9.0,1.0,,,,,,,,,,,,,,,,,,,,,,,,,,0.0,10.0,9.0,2560000.0,87.0,,,,,,,,,,,,,,,,,,,,,,,,,,0.0,-9.223372036854775e+18,-9.223372036854775e+18
1737580430000,9.0,19.0,,,,,,,,,,,,,,,,,,,,,,,,,,1.0,0.0,0.0,9.0,1.0,,,,,,,,,,,,,,,,,,,,,,,,,,0.0,9.0,9.0,2304000.0,87.0,,,,,,,,,,,,,,,,,,,,,,,,,,0.0,-9.223372036854775e+18,-9.223372036854775e+18
1737580435000,9.0,19.0,,,,,,,,,,,,,,,,,,,,,,,,,,1.0,0.0,0.0,9.0,1.0,,,,,,,,,,,,,,,,,,,,,,,,,,0.0,9.0,9.0,2304000.0,87.0,,,,,,,,,,,,,,,,,,,,,,,,,,0.0,-9.223372036854775e+18,-9.223372036854775e+18
1737580440000,9.0,19.0,,,,,,,,,,,,,,,,,,,,,,,,,,1.0,0.0,0.0,9.0,1.0,,,,,,,,,,,,,,,,,,,,,,,,,,0.0,9.0,9.0,3690000.0,80.0,,,,,,,,,,,,,,,,,,,,,,,,,,0.0,-9.223372036854775e+18,-9.223372036854775e+18
1737580445000,9.0,19.0,,,,,,,,,,,,,,,,,,,,,,,,,,1.0,0.0,0.0,9.0,1.0,,,,,,,,,,,,,,,,,,,,,,,,,,0.0,9.0,9.0,2304000.0,80.0,,,,,,,,,,,,,,,,,,,,,,,,,,0.0,-9.223372036854775e+18,-9.223372036854775e+18
1737580450000,9.0,19.0,,,,,,,,,,,,,,,,,,,,,,,,,,1.0,0.0,0.0,9.0,1.0,,,,,,,,,,,,,,,,,,,,,,,,,,0.0,9.0,9.0,8775000.0,201.0,,,,,,,,,,,,,,,,,,,,,,,,,,0.0,-9.223372036854775e+18,-9.223372036854775e+18
1737580455000,9.0,19.0,,,,,,,,,,,,,,,,,,,,,,,,,,1.0,0.0,0.0,9.0,1.0,,,,,,,,,,,,,,,,,,,,,,,,,,0.0,9.0,9.0,2304000.0,201.0,,,,,,,,,,,,,,,,,,,,,,,,,,0.0,-9.223372036854775e+18,-9.223372036854775e+18
1737580460000,9.0,21.0,,,,,,,,,,,,,,,,,,,,,,,,,,1.0,0.0,0.0,11.0,1.0,,,,,,,,,,,,,,,,,,,,,,,,,,0.0,9.0,9.0,2304000.0,128.0,,,,,,,,,,,,,,,,,,,,,,,,,,0.0,-9.223372036854775e+18,-9.223372036854775e+18
1737580465000,9.0,20.0,,,,,,,,,,,,,,,,,,,,,,,,,,0.0,0.0,0.0,10.0,0.0,,,,,,,,,,,,,,,,,,,,,,,,,,0.0,9.0,9.0,3.0,87.0,,,,,,,,,,,,,,,,,,,,,,,,,,862.0,-9.223372036854775e+18,-9.223372036854775e+18
1737580470000,9.0,19.0,,,,,,,,,,,,,,,,,,,,,,,,,,0.0,0.0,0.0,9.0,0.0,,,,,,,,,,,,,,,,,,,,,,,,,,0.0,9.0,9.0,1.0,75.0,,,,,,,,,,,,,,,,,,,,,,,,,,862.0,-9.223372036854775e+18,-9.223372036854775e+18
1737580475000,9.0,19.0,,,,,,,,,,,,,,,,,,,,,,,,,,1.0,0.0,0.0,9.0,1.0,,,,,,,,,,,,,,,,,,,,,,,,,,0.0,9.0,9.0,2304000.0,78.0,,,,,,,,,,,,,,,,,,,,,,,,,,0.0,-9.223372036854775e+18,-9.223372036854775e+18
1737580480000,9.0,19.0,,,,,,,,,,,,,,,,,,,,,,,,,,0.0,0.0,0.0,9.0,0.0,,,,,,,,,,,,,,,,,,,,,,,,,,0.0,9.0,9.0,0.0,83.0,,,,,,,,,,,,,,,,,,,,,,,,,,862.0,-9.223372036854775e+18,-9.223372036854775e+18
1737580485000,9.0,19.0,,,,,,,,,,,,,,,,,,,,,,,,,,1.0,0.0,0.0,9.0,1.0,,,,,,,,,,,,,,,,,,,,,,,,,,0.0,9.0,9.0,2304000.0,87.0,,,,,,,,,,,,,,,,,,,,,,,,,,0.0,-9.223372036854775e+18,-9.223372036854775e+18
1737580490000,9.0,19.0,,,,,,,,,,,,,,,,,,,,,,,,,,0.0,0.0,0.0,9.0,0.0,,,,,,,,,,,,,,,,,,,,,,,,,,0.0,9.0,9.0,1.0,223.0,,,,,,,,,,,,,,,,,,,,,,,,,,0.0,-9.223372036854775e+18,-9.223372036854775e+18
1737580495000,9.0,19.0,,,,,,,,,,,,,,,,,,,,,,,,,,1.0,0.0,0.0,9.0,1.0,,,,,,,,,,,,,,,,,,,,,,,,,,0.0,9.0,9.0,2304000.0,95.0,,,,,,,,,,,,,,,,,,,,,,,,,,0.0,-9.223372036854775e+18,-9.223372036854775e+18
1737580500000,9.0,19.0,,,,,,,,,,,,,,,,,,,,,,,,,,1.0,0.0,0.0,9.0,1.0,,,,,,,,,,,,,,,,,,,,,,,,,,0.0,9.0,9.0,2304000.0,95.0,,,,,,,,,,,,,,,,,,,,,,,,,,0.0,-9.223372036854775e+18,-9.223372036854775e+18
1737580505000,9.0,19.0,,,,,,,,,,,,,,,,,,,,,,,,,,1.0,0.0,0.0,9.0,1.0,,,,,,,,,,,,,,,,,,,,,,,,,,0.0,9.0,9.0,4041000.0,78.0,,,,,,,,,,,,,,,,,,,,,,,,,,0.0,-9.223372036854775e+18,-9.223372036854775e+18
1737580510000,9.0,19.0,,,,,,,,,,,,,,,,,,,,,,,,,,1.0,0.0,0.0,9.0,1.0,,,,,,,,,,,,,,,,,,,,,,,,,,0.0,9.0,9.0,2304000.0,78.0,,,,,,,,,,,,,,,,,,,,,,,,,,0.0,-9.223372036854775e+18,-9.223372036854775e+18
1737580515000,9.0,19.0,,,,,,,,,,,,,,,,,,,,,,,,,,1.0,0.0,0.0,9.0,1.0,,,,,,,,,,,,,,,,,,,,,,,,,,0.0,9.0,6.0,2.0,78.0,,,,,,,,,,,,,,,,,,,,,,,,,,862.0,-9.223372036854775e+18,-9.223372036854775e+18
1737580520000,9.0,19.0,,,,,,,,,,,,,,,,,,,,,,,,,,1.0,0.0,0.0,9.0,1.0,,,,,,,,,,,,,,,,,,,,,,,,,,0.0,9.0,9.0,2304000.0,78.0,,,,,,,,,,,,,,,,,,,,,,,,,,0.0,-9.223372036854775e+18,-9.223372036854775e+18
1737580525000,9.0,21.0,,,,,,,,,,,,,,,,,,,,,,,,,,1.0,0.0,0.0,10.0,1.0,,,,,,,,,,,,,,,,,,,,,,,,,,0.0,9.0,9.0,2304000.0,148.0,,,,,,,,,,,,,,,,,,,,,,,,,,0.0,-9.223372036854775e+18,-9.223372036854775e+18
1737580530000,0.0,3.0,,,,,,,,,,,,,,,,,,,,,,,,,,0.0,0.0,0.0,2.0,0.0,,,,,,,,,,,,,,,,,,,,,,,,,,0.0,0.0,0.0,0.0,595.0,,,,,,,,,,,,,,,,,,,,,,,,,,0.0,-9.223372036854775e+18,-9.223372036854775e+18
1737580535000,,,,,,,,,,,,,,,,,,,,,,,,,,,,,,,,,,,,,,,,,,,,,,,,,,,,,,,,,,,,,,,,,,,,,,,,,,,,,,,,,,,,,,,,,,
1737580555000,0.0,0.0,0.0,,,,,,,,,,,,,,,,,,,,,,,,,0.0,0.0,0.0,0.0,0.0,1.0,,,,,,,,,,,,,,,,,,,,,,,,,0.0,0.0,0.0,24268000.0,26825000.0,0.0,,,,,,,,,,,,,,,,,,,,,,,,,3074.0,-9.223372036854775e+18,-9.223372036854775e+18
1737580560000,1.0,14.0,19.0,,,,,,,,,,,,,,,,,,,,,,,,,0.0,0.0,0.0,7.0,0.0,0.0,,,,,,,,,,,,,,,,,,,,,,,,,0.0,1.0,1.0,12.0,124.0,18.0,,,,,,,,,,,,,,,,,,,,,,,,,1567.0,-9.223372036854775e+18,-9.223372036854775e+18
1737580565000,10.0,19.0,19.0,,,,,,,,,,,,,,,,,,,,,,,,,1.0,0.0,0.0,12.0,1.0,1.0,,,,,,,,,,,,,,,,,,,,,,,,,0.0,10.0,10.0,147110000.0,100.0,17.0,,,,,,,,,,,,,,,,,,,,,,,,,0.0,-9.223372036854775e+18,-9.223372036854775e+18
1737580570000,9.0,19.0,19.0,,,,,,,,,,,,,,,,,,,,,,,,,1.0,0.0,0.0,12.0,1.0,1.0,,,,,,,,,,,,,,,,,,,,,,,,,0.0,9.0,9.0,49950000.0,67.0,16.0,,,,,,,,,,,,,,,,,,,,,,,,,0.0,-9.223372036854775e+18,-9.223372036854775e+18
1737580575000,9.0,19.0,4.0,,,,,,,,,,,,,,,,,,,,,,,,,1.0,0.0,0.0,11.0,1.0,0.0,,,,,,,,,,,,,,,,,,,,,,,,,0.0,9.0,9.0,22743000.0,91.0,14.0,,,,,,,,,,,,,,,,,,,,,,,,,0.0,-9.223372036854775e+18,-9.223372036854775e+18
1737580580000,9.0,19.0,0.0,,,,,,,,,,,,,,,,,,,,,,,,,1.0,0.0,0.0,11.0,1.0,0.0,,,,,,,,,,,,,,,,,,,,,,,,,0.0,9.0,9.0,8469000.0,149.0,3571.0,,,,,,,,,,,,,,,,,,,,,,,,,0.0,-9.223372036854775e+18,-9.223372036854775e+18
1737580585000,9.0,19.0,19.0,,,,,,,,,,,,,,,,,,,,,,,,,1.0,0.0,0.0,12.0,1.0,1.0,,,,,,,,,,,,,,,,,,,,,,,,,0.0,9.0,9.0,2466000.0,160.0,25.0,,,,,,,,,,,,,,,,,,,,,,,,,0.0,-9.223372036854775e+18,-9.223372036854775e+18
1737580590000,9.0,19.0,19.0,,,,,,,,,,,,,,,,,,,,,,,,,0.0,0.0,0.0,11.0,0.0,0.0,,,,,,,,,,,,,,,,,,,,,,,,,0.0,9.0,9.0,0.0,113.0,34.0,,,,,,,,,,,,,,,,,,,,,,,,,0.0,-9.223372036854775e+18,-9.223372036854775e+18
1737580595000,9.0,19.0,19.0,,,,,,,,,,,,,,,,,,,,,,,,,1.0,0.0,0.0,11.0,1.0,1.0,,,,,,,,,,,,,,,,,,,,,,,,,0.0,9.0,9.0,3942000.0,95.0,28.0,,,,,,,,,,,,,,,,,,,,,,,,,0.0,-9.223372036854775e+18,-9.223372036854775e+18
1737580600000,9.0,18.0,20.0,,,,,,,,,,,,,,,,,,,,,,,,,1.0,0.0,0.0,12.0,1.0,1.0,,,,,,,,,,,,,,,,,,,,,,,,,0.0,9.0,9.0,2304000.0,80.0,63.0,,,,,,,,,,,,,,,,,,,,,,,,,0.0,-9.223372036854775e+18,-9.223372036854775e+18
1737580605000,9.0,17.0,19.0,,,,,,,,,,,,,,,,,,,,,,,,,2.0,0.0,0.0,12.0,1.0,1.0,,,,,,,,,,,,,,,,,,,,,,,,,0.0,9.0,9.0,2304000.0,82.0,20.0,,,,,,,,,,,,,,,,,,,,,,,,,0.0,-9.223372036854775e+18,-9.223372036854775e+18
1737580610000,9.0,19.0,2.0,,,,,,,,,,,,,,,,,,,,,,,,,1.0,0.0,0.0,11.0,1.0,0.0,,,,,,,,,,,,,,,,,,,,,,,,,0.0,9.0,9.0,2808000.0,64.0,43.0,,,,,,,,,,,,,,,,,,,,,,,,,0.0,-9.223372036854775e+18,-9.223372036854775e+18
1737580615000,9.0,20.0,9.0,,,,,,,,,,,,,,,,,,,,,,,,,1.0,0.0,0.0,11.0,1.0,0.0,,,,,,,,,,,,,,,,,,,,,,,,,0.0,9.0,9.0,2871000.0,72.0,10.0,,,,,,,,,,,,,,,,,,,,,,,,,0.0,-9.223372036854775e+18,-9.223372036854775e+18
1737580620000,1.0,13.0,0.0,,,,,,,,,,,,,,,,,,,,,,,,,0.0,0.0,0.0,5.0,0.0,0.0,,,,,,,,,,,,,,,,,,,,,,,,,0.0,9.0,1.0,1.0,154.0,2225.0,,,,,,,,,,,,,,,,,,,,,,,,,0.0,-9.223372036854775e+18,-9.223372036854775e+18
1737580625000,1.0,15.0,19.0,,,,,,,,,,,,,,,,,,,,,,,,,0.0,0.0,0.0,7.0,0.0,1.0,,,,,,,,,,,,,,,,,,,,,,,,,0.0,9.0,1.0,0.0,58.0,18.0,,,,,,,,,,,,,,,,,,,,,,,,,0.0,-9.223372036854775e+18,-9.223372036854775e+18
1737580630000,9.0,12.0,19.0,,,,,,,,,,,,,,,,,,,,,,,,,0.0,0.0,0.0,12.0,0.0,1.0,,,,,,,,,,,,,,,,,,,,,,,,,0.0,9.0,9.0,2304000.0,37353.0,63.0,,,,,,,,,,,,,,,,,,,,,,,,,0.0,-9.223372036854775e+18,-9.223372036854775e+18
1737580635000,9.0,19.0,19.0,,,,,,,,,,,,,,,,,,,,,,,,,1.0,0.0,0.0,12.0,1.0,1.0,,,,,,,,,,,,,,,,,,,,,,,,,0.0,9.0,9.0,2304000.0,77.0,54.0,,,,,,,,,,,,,,,,,,,,,,,,,0.0,-9.223372036854775e+18,-9.223372036854775e+18
1737580640000,9.0,16.0,19.0,,,,,,,,,,,,,,,,,,,,,,,,,1.0,0.0,0.0,12.0,1.0,1.0,,,,,,,,,,,,,,,,,,,,,,,,,0.0,9.0,9.0,2304000.0,143.0,13.0,,,,,,,,,,,,,,,,,,,,,,,,,0.0,-9.223372036854775e+18,-9.223372036854775e+18
1737580645000,9.0,20.0,19.0,,,,,,,,,,,,,,,,,,,,,,,,,2.0,0.0,0.0,11.0,1.0,1.0,,,,,,,,,,,,,,,,,,,,,,,,,0.0,9.0,9.0,2304000.0,40.0,17.0,,,,,,,,,,,,,,,,,,,,,,,,,0.0,-9.223372036854775e+18,-9.223372036854775e+18
1737580650000,9.0,18.0,19.0,,,,,,,,,,,,,,,,,,,,,,,,,1.0,0.0,0.0,12.0,1.0,1.0,,,,,,,,,,,,,,,,,,,,,,,,,0.0,9.0,9.0,2304000.0,118.0,9.0,,,,,,,,,,,,,,,,,,,,,,,,,0.0,-9.223372036854775e+18,-9.223372036854775e+18
1737580655000,9.0,18.0,5.0,,,,,,,,,,,,,,,,,,,,,,,,,1.0,0.0,0.0,12.0,1.0,0.0,,,,,,,,,,,,,,,,,,,,,,,,,0.0,9.0,9.0,2538000.0,67.0,10.0,,,,,,,,,,,,,,,,,,,,,,,,,0.0,-9.223372036854775e+18,-9.223372036854775e+18
1737580660000,9.0,19.0,8.0,,,,,,,,,,,,,,,,,,,,,,,,,0.0,0.0,0.0,11.0,0.0,1.0,,,,,,,,,,,,,,,,,,,,,,,,,0.0,9.0,9.0,0.0,78.0,2323.0,,,,,,,,,,,,,,,,,,,,,,,,,0.0,-9.223372036854775e+18,-9.223372036854775e+18
1737580665000,9.0,16.0,0.0,,,,,,,,,,,,,,,,,,,,,,,,,1.0,0.0,0.0,12.0,1.0,0.0,,,,,,,,,,,,,,,,,,,,,,,,,0.0,9.0,9.0,5049000.0,106.0,30.0,,,,,,,,,,,,,,,,,,,,,,,,,0.0,-9.223372036854775e+18,-9.223372036854775e+18
1737580670000,9.0,18.0,19.0,,,,,,,,,,,,,,,,,,,,,,,,,1.0,0.0,0.0,12.0,1.0,1.0,,,,,,,,,,,,,,,,,,,,,,,,,0.0,9.0,9.0,2304000.0,82.0,80.0,,,,,,,,,,,,,,,,,,,,,,,,,0.0,-9.223372036854775e+18,-9.223372036854775e+18
1737580675000,10.0,18.0,19.0,,,,,,,,,,,,,,,,,,,,,,,,,1.0,0.0,0.0,12.0,1.0,1.0,,,,,,,,,,,,,,,,,,,,,,,,,0.0,9.0,10.0,2790000.0,72.0,47.0,,,,,,,,,,,,,,,,,,,,,,,,,0.0,-9.223372036854775e+18,-9.223372036854775e+18
1737580680000,9.0,19.0,7.0,,,,,,,,,,,,,,,,,,,,,,,,,1.0,0.0,0.0,12.0,1.0,0.0,,,,,,,,,,,,,,,,,,,,,,,,,0.0,9.0,9.0,2304000.0,83.0,67.0,,,,,,,,,,,,,,,,,,,,,,,,,0.0,-9.223372036854775e+18,-9.223372036854775e+18
1737580685000,9.0,19.0,0.0,,,,,,,,,,,,,,,,,,,,,,,,,1.0,0.0,0.0,11.0,1.0,0.0,,,,,,,,,,,,,,,,,,,,,,,,,0.0,9.0,9.0,5103000.0,113.0,9.0,,,,,,,,,,,,,,,,,,,,,,,,,0.0,-9.223372036854775e+18,-9.223372036854775e+18
1737580690000,9.0,19.0,20.0,,,,,,,,,,,,,,,,,,,,,,,,,1.0,0.0,0.0,12.0,1.0,1.0,,,,,,,,,,,,,,,,,,,,,,,,,0.0,9.0,9.0,1.0,80.0,75.0,,,,,,,,,,,,,,,,,,,,,,,,,0.0,-9.223372036854775e+18,-9.223372036854775e+18
1737580695000,1.0,10.0,19.0,,,,,,,,,,,,,,,,,,,,,,,,,0.0,0.0,0.0,2.0,0.0,1.0,,,,,,,,,,,,,,,,,,,,,,,,,0.0,9.0,1.0,0.0,105.0,23.0,,,,,,,,,,,,,,,,,,,,,,,,,0.0,-9.223372036854775e+18,-9.223372036854775e+18
1737580700000,9.0,19.0,20.0,,,,,,,,,,,,,,,,,,,,,,,,,0.0,0.0,0.0,10.0,0.0,1.0,,,,,,,,,,,,,,,,,,,,,,,,,0.0,9.0,9.0,0.0,255.0,4813.0,,,,,,,,,,,,,,,,,,,,,,,,,0.0,-9.223372036854775e+18,-9.223372036854775e+18
1737580705000,9.0,19.0,19.0,,,,,,,,,,,,,,,,,,,,,,,,,1.0,0.0,0.0,11.0,1.0,1.0,,,,,,,,,,,,,,,,,,,,,,,,,0.0,9.0,9.0,2304000.0,83.0,17.0,,,,,,,,,,,,,,,,,,,,,,,,,0.0,-9.223372036854775e+18,-9.223372036854775e+18
1737580710000,9.0,18.0,20.0,,,,,,,,,,,,,,,,,,,,,,,,,1.0,0.0,0.0,12.0,1.0,1.0,,,,,,,,,,,,,,,,,,,,,,,,,0.0,9.0,9.0,2304000.0,80.0,63.0,,,,,,,,,,,,,,,,,,,,,,,,,0.0,-9.223372036854775e+18,-9.223372036854775e+18
1737580715000,9.0,17.0,19.0,,,,,,,,,,,,,,,,,,,,,,,,,1.0,0.0,0.0,12.0,1.0,1.0,,,,,,,,,,,,,,,,,,,,,,,,,0.0,9.0,9.0,2304000.0,95.0,59.0,,,,,,,,,,,,,,,,,,,,,,,,,0.0,-9.223372036854775e+18,-9.223372036854775e+18
1737580720000,9.0,20.0,11.0,,,,,,,,,,,,,,,,,,,,,,,,,1.0,0.0,0.0,11.0,1.0,1.0,,,,,,,,,,,,,,,,,,,,,,,,,0.0,9.0,9.0,2304000.0,75.0,52.0,,,,,,,,,,,,,,,,,,,,,,,,,0.0,-9.223372036854775e+18,-9.223372036854775e+18
1737580725000,9.0,19.0,19.0,,,,,,,,,,,,,,,,,,,,,,,,,1.0,0.0,0.0,12.0,1.0,1.0,,,,,,,,,,,,,,,,,,,,,,,,,0.0,9.0,9.0,2304000.0,252.0,288.0,,,,,,,,,,,,,,,,,,,,,,,,,0.0,-9.223372036854775e+18,-9.223372036854775e+18
1737580730000,9.0,19.0,17.0,,,,,,,,,,,,,,,,,,,,,,,,,0.0,0.0,0.0,11.0,0.0,0.0,,,,,,,,,,,,,,,,,,,,,,,,,0.0,9.0,9.0,4950000.0,78.0,1449.0,,,,,,,,,,,,,,,,,,,,,,,,,277.0,-9.223372036854775e+18,-9.223372036854775e+18
1737580735000,9.0,19.0,0.0,,,,,,,,,,,,,,,,,,,,,,,,,1.0,0.0,0.0,11.0,1.0,1.0,,,,,,,,,,,,,,,,,,,,,,,,,0.0,9.0,9.0,6381000.0,96.0,1007.0,,,,,,,,,,,,,,,,,,,,,,,,,0.0,-9.223372036854775e+18,-9.223372036854775e+18
1737580740000,9.0,20.0,19.0,,,,,,,,,,,,,,,,,,,,,,,,,1.0,0.0,0.0,11.0,1.0,1.0,,,,,,,,,,,,,,,,,,,,,,,,,0.0,9.0,9.0,0.0,56.0,70.0,,,,,,,,,,,,,,,,,,,,,,,,,0.0,-9.223372036854775e+18,-9.223372036854775e+18
1737580745000,1.0,16.0,18.0,,,,,,,,,,,,,,,,,,,,,,,,,0.0,0.0,0.0,8.0,0.0,1.0,,,,,,,,,,,,,,,,,,,,,,,,,0.0,9.0,1.0,0.0,113.0,73.0,,,,,,,,,,,,,,,,,,,,,,,,,0.0,-9.223372036854775e+18,-9.223372036854775e+18
1737580750000,9.0,12.0,18.0,,,,,,,,,,,,,,,,,,,,,,,,,0.0,0.0,0.0,12.0,0.0,1.0,,,,,,,,,,,,,,,,,,,,,,,,,0.0,9.0,9.0,1.0,2588.0,53.0,,,,,,,,,,,,,,,,,,,,,,,,,0.0,-9.223372036854775e+18,-9.223372036854775e+18
1737580755000,9.0,19.0,14.0,,,,,,,,,,,,,,,,,,,,,,,,,1.0,0.0,0.0,11.0,1.0,1.0,,,,,,,,,,,,,,,,,,,,,,,,,0.0,9.0,9.0,2304000.0,78.0,18.0,,,,,,,,,,,,,,,,,,,,,,,,,0.0,-9.223372036854775e+18,-9.223372036854775e+18
1737580760000,9.0,18.0,19.0,,,,,,,,,,,,,,,,,,,,,,,,,1.0,0.0,0.0,12.0,1.0,1.0,,,,,,,,,,,,,,,,,,,,,,,,,0.0,9.0,9.0,2304000.0,75.0,96.0,,,,,,,,,,,,,,,,,,,,,,,,,0.0,-9.223372036854775e+18,-9.223372036854775e+18
1737580765000,9.0,19.0,19.0,,,,,,,,,,,,,,,,,,,,,,,,,1.0,0.0,0.0,11.0,1.0,1.0,,,,,,,,,,,,,,,,,,,,,,,,,0.0,9.0,9.0,2304000.0,69.0,7.0,,,,,,,,,,,,,,,,,,,,,,,,,0.0,-9.223372036854775e+18,-9.223372036854775e+18
1737580770000,9.0,19.0,5.0,,,,,,,,,,,,,,,,,,,,,,,,,1.0,0.0,0.0,11.0,1.0,0.0,,,,,,,,,,,,,,,,,,,,,,,,,0.0,9.0,9.0,2565000.0,95.0,13.0,,,,,,,,,,,,,,,,,,,,,,,,,0.0,-9.223372036854775e+18,-9.223372036854775e+18
1737580775000,9.0,19.0,4.0,,,,,,,,,,,,,,,,,,,,,,,,,1.0,0.0,0.0,11.0,1.0,0.0,,,,,,,,,,,,,,,,,,,,,,,,,0.0,9.0,9.0,2592000.0,72.0,27.0,,,,,,,,,,,,,,,,,,,,,,,,,0.0,-9.223372036854775e+18,-9.223372036854775e+18
1737580780000,1.0,15.0,0.0,,,,,,,,,,,,,,,,,,,,,,,,,0.0,0.0,0.0,7.0,0.0,0.0,,,,,,,,,,,,,,,,,,,,,,,,,0.0,6.0,1.0,0.0,154.0,4884.0,,,,,,,,,,,,,,,,,,,,,,,,,0.0,-9.223372036854775e+18,-9.223372036854775e+18
1737580785000,1.0,15.0,19.0,,,,,,,,,,,,,,,,,,,,,,,,,0.0,0.0,0.0,7.0,0.0,1.0,,,,,,,,,,,,,,,,,,,,,,,,,0.0,9.0,1.0,0.0,356.0,12.0,,,,,,,,,,,,,,,,,,,,,,,,,0.0,-9.223372036854775e+18,-9.223372036854775e+18
1737580790000,9.0,12.0,19.0,,,,,,,,,,,,,,,,,,,,,,,,,0.0,0.0,0.0,12.0,0.0,1.0,,,,,,,,,,,,,,,,,,,,,,,,,0.0,9.0,9.0,1.0,16874.0,67.0,,,,,,,,,,,,,,,,,,,,,,,,,0.0,-9.223372036854775e+18,-9.223372036854775e+18
1737580795000,9.0,19.0,17.0,,,,,,,,,,,,,,,,,,,,,,,,,0.0,0.0,0.0,11.0,0.0,1.0,,,,,,,,,,,,,,,,,,,,,,,,,0.0,9.0,9.0,0.0,86.0,1525.0,,,,,,,,,,,,,,,,,,,,,,,,,0.0,-9.223372036854775e+18,-9.223372036854775e+18
1737580800000,9.0,19.0,0.0,,,,,,,,,,,,,,,,,,,,,,,,,1.0,0.0,0.0,11.0,1.0,0.0,,,,,,,,,,,,,,,,,,,,,,,,,0.0,9.0,9.0,8154000.0,1012.0,760.0,,,,,,,,,,,,,,,,,,,,,,,,,0.0,-9.223372036854775e+18,-9.223372036854775e+18
1737580805000,0.0,9.0,5.0,,,,,,,,,,,,,,,,,,,,,,,,,1.0,0.0,0.0,7.0,1.0,1.0,,,,,,,,,,,,,,,,,,,,,,,,,0.0,0.0,0.0,0.0,105.0,8.0,,,,,,,,,,,,,,,,,,,,,,,,,0.0,-9.223372036854775e+18,-9.223372036854775e+18
1737580810000,,,,,,,,,,,,,,,,,,,,,,,,,,,,,,,,,,,,,,,,,,,,,,,,,,,,,,,,,,,,,,,,,,,,,,,,,,,,,,,,,,,,,,,,,,
1737580835000,1.0,3.0,0.0,0.0,0.0,,,,,,,,,,,,,,,,,,,,,,,0.0,0.0,0.0,4.0,0.0,0.0,0.0,0.0,,,,,,,,,,,,,,,,,,,,,,,0.0,1.0,2.0,19.0,310.0,90.0,150.0,240.0,,,,,,,,,,,,,,,,,,,,,,,2780.0,-9.223372036854776e+18,-9.223372036854776e+18
1737580840000,1.0,13.0,14.0,7.0,13.0,,,,,,,,,,,,,,,,,,,,,,,0.0,0.0,0.0,9.0,0.0,0.0,0.0,12.0,,,,,,,,,,,,,,,,,,,,,,,0.0,6.0,1.0,12.0,181.0,20.0,19.0,14.0,,,,,,,,,,,,,,,,,,,,,,,24.0,-9.223372036854776e+18,-9.223372036854776e+18
1737580845000,9.0,8.0,20.0,20.0,1.0,,,,,,,,,,,,,,,,,,,,,,,0.0,0.0,0.0,16.0,0.0,1.0,1.0,0.0,,,,,,,,,,,,,,,,,,,,,,,0.0,9.0,9.0,51.0,21262.0,14.0,28.0,28.0,,,,,,,,,,,,,,,,,,,,,,,0.0,-9.223372036854776e+18,-9.223372036854776e+18
1737580850000,9.0,19.0,0.0,0.0,19.0,,,,,,,,,,,,,,,,,,,,,,,1.0,0.0,0.0,13.0,1.0,0.0,0.0,1.0,,,,,,,,,,,,,,,,,,,,,,,0.0,9.0,9.0,148788000.0,13.0,463328.0,18.0,13.0,,,,,,,,,,,,,,,,,,,,,,,0.0,-9.223372036854776e+18,-9.223372036854776e+18
1737580855000,9.0,17.0,15.0,15.0,11.0,,,,,,,,,,,,,,,,,,,,,,,1.0,0.0,0.0,17.0,1.0,1.0,1.0,1.0,,,,,,,,,,,,,,,,,,,,,,,0.0,9.0,9.0,10.0,57.0,22.0,22.0,16.0,,,,,,,,,,,,,,,,,,,,,,,0.0,-9.223372036854776e+18,-9.223372036854776e+18
1737580860000,9.0,19.0,15.0,9.0,1.0,,,,,,,,,,,,,,,,,,,,,,,0.0,0.0,0.0,14.0,0.0,0.0,0.0,0.0,,,,,,,,,,,,,,,,,,,,,,,0.0,9.0,9.0,97605000.0,1208.0,861.0,898.0,12.0,,,,,,,,,,,,,,,,,,,,,,,117.0,-9.223372036854776e+18,-9.223372036854776e+18
1737580865000,9.0,6.0,20.0,20.0,0.0,,,,,,,,,,,,,,,,,,,,,,,0.0,0.0,0.0,15.0,0.0,1.0,1.0,0.0,,,,,,,,,,,,,,,,,,,,,,,0.0,9.0,9.0,25.0,100.0,16.0,13.0,86.0,,,,,,,,,,,,,,,,,,,,,,,0.0,-9.223372036854776e+18,-9.223372036854776e+18
1737580870000,9.0,19.0,19.0,17.0,19.0,,,,,,,,,,,,,,,,,,,,,,,1.0,0.0,0.0,14.0,1.0,1.0,1.0,1.0,,,,,,,,,,,,,,,,,,,,,,,0.0,9.0,9.0,48303000.0,17.0,13.0,10.0,13.0,,,,,,,,,,,,,,,,,,,,,,,0.0,-9.223372036854776e+18,-9.223372036854776e+18
1737580875000,9.0,20.0,19.0,19.0,19.0,,,,,,,,,,,,,,,,,,,,,,,1.0,0.0,0.0,13.0,1.0,1.0,1.0,1.0,,,,,,,,,,,,,,,,,,,,,,,0.0,9.0,9.0,32256000.0,13.0,1588.0,13.0,14.0,,,,,,,,,,,,,,,,,,,,,,,0.0,-9.223372036854776e+18,-9.223372036854776e+18
1737580880000,9.0,18.0,19.0,19.0,0.0,,,,,,,,,,,,,,,,,,,,,,,1.0,0.0,0.0,17.0,1.0,1.0,1.0,0.0,,,,,,,,,,,,,,,,,,,,,,,0.0,9.0,9.0,9999000.0,9695.0,27.0,80.0,44.0,,,,,,,,,,,,,,,,,,,,,,,0.0,-9.223372036854775e+18,-9.223372036854775e+18
1737580885000,9.0,19.0,1.0,0.0,19.0,,,,,,,,,,,,,,,,,,,,,,,1.0,0.0,0.0,13.0,1.0,0.0,0.0,1.0,,,,,,,,,,,,,,,,,,,,,,,0.0,9.0,9.0,10728000.0,13.0,16.0,26.0,13.0,,,,,,,,,,,,,,,,,,,,,,,0.0,-9.223372036854775e+18,-9.223372036854775e+18
1737580890000,1.0,2.0,20.0,20.0,19.0,,,,,,,,,,,,,,,,,,,,,,,1.0,0.0,0.0,4.0,1.0,1.0,1.0,1.0,,,,,,,,,,,,,,,,,,,,,,,0.0,1.0,1.0,0.0,28.0,14.0,14.0,15.0,,,,,,,,,,,,,,,,,,,,,,,0.0,-9.223372036854775e+18,-9.223372036854775e+18
1737580895000,9.0,19.0,19.0,19.0,19.0,,,,,,,,,,,,,,,,,,,,,,,1.0,0.0,0.0,15.0,1.0,1.0,1.0,1.0,,,,,,,,,,,,,,,,,,,,,,,0.0,9.0,9.0,2340000.0,80.0,15.0,15.0,15.0,,,,,,,,,,,,,,,,,,,,,,,0.0,-9.223372036854775e+18,-9.223372036854775e+18
1737580900000,1.0,4.0,19.0,20.0,17.0,,,,,,,,,,,,,,,,,,,,,,,0.0,0.0,0.0,7.0,0.0,1.0,1.0,1.0,,,,,,,,,,,,,,,,,,,,,,,0.0,9.0,2.0,0.0,47.0,18.0,18.0,22.0,,,,,,,,,,,,,,,,,,,,,,,0.0,-9.223372036854775e+18,-9.223372036854775e+18
1737580905000,9.0,19.0,17.0,17.0,0.0,,,,,,,,,,,,,,,,,,,,,,,2.0,0.0,0.0,13.0,1.0,1.0,1.0,1.0,,,,,,,,,,,,,,,,,,,,,,,0.0,9.0,9.0,2304000.0,139.0,12.0,12.0,43721.0,,,,,,,,,,,,,,,,,,,,,,,0.0,-9.223372036854775e+18,-9.223372036854775e+18
1737580910000,9.0,20.0,0.0,0.0,19.0,,,,,,,,,,,,,,,,,,,,,,,1.0,0.0,0.0,13.0,1.0,0.0,0.0,1.0,,,,,,,,,,,,,,,,,,,,,,,0.0,9.0,9.0,3897000.0,13.0,41.0,37.0,13.0,,,,,,,,,,,,,,,,,,,,,,,0.0,-9.223372036854775e+18,-9.223372036854775e+18
1737580915000,9.0,20.0,19.0,19.0,0.0,,,,,,,,,,,,,,,,,,,,,,,1.0,0.0,0.0,13.0,1.0,1.0,1.0,0.0,,,,,,,,,,,,,,,,,,,,,,,0.0,9.0,9.0,2304000.0,41.0,20.0,20.0,15.0,,,,,,,,,,,,,,,,,,,,,,,0.0,-9.223372036854775e+18,-9.223372036854775e+18
1737580920000,9.0,14.0,9.0,2.0,8.0,,,,,,,,,,,,,,,,,,,,,,,1.0,0.0,0.0,17.0,1.0,1.0,1.0,1.0,,,,,,,,,,,,,,,,,,,,,,,0.0,9.0,9.0,2304000.0,13.0,14.0,14.0,14.0,,,,,,,,,,,,,,,,,,,,,,,0.0,-9.223372036854775e+18,-9.223372036854775e+18
1737580925000,9.0,19.0,19.0,19.0,19.0,,,,,,,,,,,,,,,,,,,,,,,1.0,0.0,0.0,14.0,1.0,1.0,1.0,1.0,,,,,,,,,,,,,,,,,,,,,,,0.0,9.0,9.0,2484000.0,306.0,12.0,13.0,38.0,,,,,,,,,,,,,,,,,,,,,,,0.0,-9.223372036854775e+18,-9.223372036854775e+18
1737580930000,1.0,2.0,11.0,1.0,4.0,,,,,,,,,,,,,,,,,,,,,,,0.0,0.0,0.0,4.0,0.0,0.0,0.0,1.0,,,,,,,,,,,,,,,,,,,,,,,0.0,1.0,2.0,0.0,9.0,9.0,9.0,13.0,,,,,,,,,,,,,,,,,,,,,,,112.0,-9.223372036854775e+18,-9.223372036854775e+18
1737580935000,9.0,16.0,19.0,19.0,12.0,,,,,,,,,,,,,,,,,,,,,,,2.0,0.0,0.0,17.0,1.0,1.0,1.0,1.0,,,,,,,,,,,,,,,,,,,,,,,0.0,9.0,9.0,0.0,12.0,22.0,13.0,13.0,,,,,,,,,,,,,,,,,,,,,,,0.0,-9.223372036854775e+18,-9.223372036854775e+18
1737580940000,9.0,20.0,20.0,20.0,0.0,,,,,,,,,,,,,,,,,,,,,,,1.0,0.0,0.0,13.0,1.0,1.0,1.0,0.0,,,,,,,,,,,,,,,,,,,,,,,0.0,9.0,9.0,2304000.0,13.0,13.0,15.0,27.0,,,,,,,,,,,,,,,,,,,,,,,0.0,-9.223372036854775e+18,-9.223372036854775e+18
1737580945000,9.0,19.0,0.0,0.0,19.0,,,,,,,,,,,,,,,,,,,,,,,1.0,0.0,0.0,13.0,1.0,0.0,0.0,1.0,,,,,,,,,,,,,,,,,,,,,,,0.0,9.0,9.0,0.0,26.0,29.0,30.0,14.0,,,,,,,,,,,,,,,,,,,,,,,0.0,-9.223372036854775e+18,-9.223372036854775e+18
1737580950000,2.0,2.0,19.0,19.0,19.0,,,,,,,,,,,,,,,,,,,,,,,1.0,0.0,0.0,4.0,1.0,1.0,1.0,1.0,,,,,,,,,,,,,,,,,,,,,,,0.0,1.0,1.0,0.0,9.0,18.0,18.0,14.0,,,,,,,,,,,,,,,,,,,,,,,0.0,-9.223372036854775e+18,-9.223372036854775e+18
1737580955000,9.0,20.0,19.0,18.0,19.0,,,,,,,,,,,,,,,,,,,,,,,1.0,0.0,0.0,13.0,1.0,1.0,1.0,1.0,,,,,,,,,,,,,,,,,,,,,,,0.0,9.0,9.0,2304000.0,12.0,14.0,14.0,13.0,,,,,,,,,,,,,,,,,,,,,,,0.0,-9.223372036854775e+18,-9.223372036854775e+18
1737580960000,1.0,3.0,18.0,18.0,18.0,,,,,,,,,,,,,,,,,,,,,,,0.0,0.0,0.0,4.0,0.0,1.0,1.0,1.0,,,,,,,,,,,,,,,,,,,,,,,0.0,2.0,1.0,0.0,40.0,55.0,28.0,15.0,,,,,,,,,,,,,,,,,,,,,,,0.0,-9.223372036854775e+18,-9.223372036854775e+18
1737580965000,9.0,19.0,17.0,18.0,0.0,,,,,,,,,,,,,,,,,,,,,,,1.0,0.0,0.0,13.0,1.0,1.0,1.0,1.0,,,,,,,,,,,,,,,,,,,,,,,0.0,9.0,9.0,2304000.0,986.0,11.0,11.0,266823000.0,,,,,,,,,,,,,,,,,,,,,,,0.0,-9.223372036854775e+18,-9.223372036854775e+18
1737580970000,9.0,20.0,0.0,0.0,20.0,,,,,,,,,,,,,,,,,,,,,,,1.0,0.0,0.0,13.0,1.0,0.0,0.0,1.0,,,,,,,,,,,,,,,,,,,,,,,0.0,9.0,9.0,2907000.0,14.0,18.0,18.0,14.0,,,,,,,,,,,,,,,,,,,,,,,0.0,-9.223372036854775e+18,-9.223372036854775e+18
1737580975000,8.0,10.0,19.0,19.0,0.0,,,,,,,,,,,,,,,,,,,,,,,0.0,0.0,0.0,9.0,0.0,1.0,2.0,0.0,,,,,,,,,,,,,,,,,,,,,,,0.0,3.0,1.0,0.0,105.0,13.0,13.0,33.0,,,,,,,,,,,,,,,,,,,,,,,0.0,-9.223372036854775e+18,-9.223372036854775e+18
1737580980000,9.0,21.0,21.0,18.0,21.0,,,,,,,,,,,,,,,,,,,,,,,1.0,0.0,0.0,14.0,1.0,1.0,1.0,1.0,,,,,,,,,,,,,,,,,,,,,,,0.0,9.0,9.0,2304000.0,23.0,13.0,13.0,13.0,,,,,,,,,,,,,,,,,,,,,,,0.0,-9.223372036854775e+18,-9.223372036854775e+18
1737580985000,9.0,20.0,0.0,9.0,20.0,,,,,,,,,,,,,,,,,,,,,,,1.0,0.0,0.0,13.0,1.0,0.0,1.0,1.0,,,,,,,,,,,,,,,,,,,,,,,0.0,9.0,9.0,0.0,22.0,1902.0,29078.0,25.0,,,,,,,,,,,,,,,,,,,,,,,0.0,-9.223372036854775e+18,-9.223372036854775e+18
1737580990000,9.0,19.0,19.0,19.0,0.0,,,,,,,,,,,,,,,,,,,,,,,1.0,0.0,0.0,13.0,1.0,1.0,1.0,1.0,,,,,,,,,,,,,,,,,,,,,,,0.0,9.0,9.0,2304000.0,13.0,13.0,14.0,9.0,,,,,,,,,,,,,,,,,,,,,,,0.0,-9.223372036854775e+18,-9.223372036854775e+18
1737580995000,9.0,19.0,0.0,0.0,19.0,,,,,,,,,,,,,,,,,,,,,,,1.0,0.0,0.0,13.0,1.0,1.0,1.0,1.0,,,,,,,,,,,,,,,,,,,,,,,0.0,9.0,9.0,2430000.0,47.0,21.0,21.0,23.0,,,,,,,,,,,,,,,,,,,,,,,0.0,-9.223372036854775e+18,-9.223372036854775e+18
1737581000000,9.0,16.0,0.0,15.0,0.0,,,,,,,,,,,,,,,,,,,,,,,0.0,0.0,0.0,16.0,0.0,0.0,0.0,0.0,,,,,,,,,,,,,,,,,,,,,,,0.0,9.0,9.0,7254000.0,83.0,4215.0,4158.0,13.0,,,,,,,,,,,,,,,,,,,,,,,0.0,-9.223372036854775e+18,-9.223372036854775e+18
1737581005000,9.0,19.0,16.0,3.0,18.0,,,,,,,,,,,,,,,,,,,,,,,1.0,0.0,0.0,13.0,1.0,1.0,1.0,1.0,,,,,,,,,,,,,,,,,,,,,,,0.0,9.0,9.0,3942000.0,31.0,28.0,28.0,28.0,,,,,,,,,,,,,,,,,,,,,,,0.0,-9.223372036854775e+18,-9.223372036854775e+18
1737581010000,1.0,3.0,10.0,9.0,19.0,,,,,,,,,,,,,,,,,,,,,,,0.0,0.0,0.0,5.0,0.0,1.0,1.0,1.0,,,,,,,,,,,,,,,,,,,,,,,0.0,1.0,1.0,0.0,67.0,14.0,25.0,14.0,,,,,,,,,,,,,,,,,,,,,,,1.0,-9.223372036854775e+18,-9.223372036854775e+18
1737581015000,9.0,20.0,18.0,18.0,1.0,,,,,,,,,,,,,,,,,,,,,,,1.0,0.0,0.0,13.0,1.0,1.0,1.0,1.0,,,,,,,,,,,,,,,,,,,,,,,0.0,9.0,9.0,2304000.0,62.0,13.0,13.0,1616.0,,,,,,,,,,,,,,,,,,,,,,,0.0,-9.223372036854775e+18,-9.223372036854775e+18
1737581020000,9.0,19.0,0.0,1.0,19.0,,,,,,,,,,,,,,,,,,,,,,,1.0,0.0,0.0,13.0,1.0,0.0,1.0,1.0,,,,,,,,,,,,,,,,,,,,,,,0.0,9.0,9.0,3564000.0,16.0,11.0,13.0,31.0,,,,,,,,,,,,,,,,,,,,,,,0.0,-9.223372036854775e+18,-9.223372036854775e+18
1737581025000,1.0,16.0,19.0,19.0,0.0,,,,,,,,,,,,,,,,,,,,,,,0.0,0.0,0.0,9.0,0.0,1.0,1.0,0.0,,,,,,,,,,,,,,,,,,,,,,,0.0,9.0,1.0,0.0,2302.0,14.0,14.0,28.0,,,,,,,,,,,,,,,,,,,,,,,0.0,-9.223372036854775e+18,-9.223372036854775e+18
1737581030000,9.0,19.0,1.0,0.0,19.0,,,,,,,,,,,,,,,,,,,,,,,1.0,0.0,0.0,13.0,1.0,0.0,0.0,1.0,,,,,,,,,,,,,,,,,,,,,,,0.0,9.0,9.0,2907000.0,26.0,14.0,14.0,14.0,,,,,,,,,,,,,,,,,,,,,,,0.0,-9.223372036854775e+18,-9.223372036854775e+18
1737581035000,9.0,8.0,19.0,19.0,19.0,,,,,,,,,,,,,,,,,,,,,,,0.0,0.0,0.0,16.0,0.0,1.0,1.0,1.0,,,,,,,,,,,,,,,,,,,,,,,0.0,10.0,9.0,0.0,42.0,20.0,20.0,20.0,,,,,,,,,,,,,,,,,,,,,,,0.0,-9.223372036854775e+18,-9.223372036854775e+18
1737581040000,9.0,19.0,20.0,20.0,0.0,,,,,,,,,,,,,,,,,,,,,,,1.0,0.0,0.0,13.0,1.0,1.0,1.0,1.0,,,,,,,,,,,,,,,,,,,,,,,0.0,9.0,9.0,2304000.0,93.0,14.0,14.0,6531.0,,,,,,,,,,,,,,,,,,,,,,,0.0,-9.223372036854775e+18,-9.223372036854775e+18
1737581045000,2.0,2.0,19.0,19.0,19.0,,,,,,,,,,,,,,,,,,,,,,,0.0,0.0,0.0,4.0,0.0,1.0,1.0,1.0,,,,,,,,,,,,,,,,,,,,,,,0.0,0.0,1.0,0.0,14.0,22.0,22.0,14.0,,,,,,,,,,,,,,,,,,,,,,,0.0,-9.223372036854775e+18,-9.223372036854775e+18
1737581050000,9.0,19.0,19.0,19.0,0.0,,,,,,,,,,,,,,,,,,,,,,,1.0,0.0,0.0,13.0,1.0,1.0,1.0,1.0,,,,,,,,,,,,,,,,,,,,,,,0.0,9.0,9.0,2304000.0,28.0,13.0,14.0,24.0,,,,,,,,,,,,,,,,,,,,,,,0.0,-9.223372036854775e+18,-9.223372036854775e+18
1737581055000,9.0,19.0,1.0,0.0,19.0,,,,,,,,,,,,,,,,,,,,,,,1.0,0.0,0.0,13.0,1.0,1.0,1.0,1.0,,,,,,,,,,,,,,,,,,,,,,,0.0,9.0,9.0,2934000.0,14.0,28.0,12.0,14.0,,,,,,,,,,,,,,,,,,,,,,,0.0,-9.223372036854775e+18,-9.223372036854775e+18
1737581060000,9.0,8.0,19.0,19.0,19.0,,,,,,,,,,,,,,,,,,,,,,,0.0,0.0,0.0,16.0,0.0,1.0,1.0,1.0,,,,,,,,,,,,,,,,,,,,,,,0.0,9.0,9.0,0.0,296470000.0,22.0,22.0,32.0,,,,,,,,,,,,,,,,,,,,,,,0.0,-9.223372036854775e+18,-9.223372036854775e+18
1737581065000,1.0,2.0,16.0,1.0,19.0,,,,,,,,,,,,,,,,,,,,,,,0.0,0.0,0.0,4.0,0.0,0.0,0.0,0.0,,,,,,,,,,,,,,,,,,,,,,,0.0,9.0,8.0,0.0,50.0,15.0,15.0,14.0,,,,,,,,,,,,,,,,,,,,,,,642.0,-9.223372036854775e+18,-9.223372036854775e+18
1737581070000,9.0,20.0,19.0,20.0,0.0,,,,,,,,,,,,,,,,,,,,,,,1.0,0.0,0.0,13.0,1.0,1.0,1.0,1.0,,,,,,,,,,,,,,,,,,,,,,,0.0,9.0,9.0,3708000.0,13.0,13.0,13.0,202602.0,,,,,,,,,,,,,,,,,,,,,,,0.0,-9.223372036854775e+18,-9.223372036854775e+18
1737581075000,9.0,20.0,0.0,0.0,20.0,,,,,,,,,,,,,,,,,,,,,,,1.0,0.0,0.0,13.0,1.0,1.0,1.0,1.0,,,,,,,,,,,,,,,,,,,,,,,0.0,9.0,9.0,2979000.0,23.0,26.0,25.0,14.0,,,,,,,,,,,,,,,,,,,,,,,0.0,-9.223372036854775e+18,-9.223372036854775e+18
1737581080000,0.0,19.0,19.0,19.0,2.0,,,,,,,,,,,,,,,,,,,,,,,1.0,0.0,0.0,11.0,1.0,1.0,1.0,1.0,,,,,,,,,,,,,,,,,,,,,,,0.0,1.0,0.0,2304000.0,3422.0,13.0,25.0,296470000.0,,,,,,,,,,,,,,,,,,,,,,,0.0,-9.223372036854775e+18,-9.223372036854775e+18
1737581085000,,,,,,,,,,,,,,,,,,,,,,,,,,,,,,,,,,,,,,,,,,,,,,,,,,,,,,,,,,,,,,,,,,,,,,,,,,,,,,,,,,,,,,,,,,
1737581110000,1.0,2.0,0.0,0.0,0.0,0.0,0.0,0.0,0.0,,,,,,,,,,,,,,,,,,,0.0,0.0,0.0,8.0,0.0,0.0,0.0,0.0,0.0,0.0,0.0,0.0,,,,,,,,,,,,,,,,,,,0.0,1.0,1.0,37.0,390.0,13313000.0,187.0,0.0,426.0,13313000.0,26825000.0,236.0,,,,,,,,,,,,,,,,,,,1007.0,-9.223372036854775e+18,-9.223372036854775e+18
1737581115000,1.0,7.0,0.0,2.0,0.0,0.0,0.0,1.0,0.0,,,,,,,,,,,,,,,,,,,0.0,0.0,0.0,12.0,0.0,0.0,1.0,0.0,0.0,0.0,0.0,0.0,,,,,,,,,,,,,,,,,,,0.0,1.0,1.0,46.0,103.0,81.0,49.0,104.0,39.0,85.0,49.0,82.0,,,,,,,,,,,,,,,,,,,1266.0,-9.223372036854775e+18,-9.223372036854775e+18
1737581120000,1.0,2.0,19.0,11.0,0.0,0.0,19.0,16.0,0.0,,,,,,,,,,,,,,,,,,,1.0,0.0,0.0,8.0,1.0,1.0,1.0,1.0,1.0,1.0,1.0,1.0,,,,,,,,,,,,,,,,,,,0.0,1.0,1.0,0.0,28.0,67.0,27.0,22.0,55.0,67.0,50.0,38.0,,,,,,,,,,,,,,,,,,,0.0,-9.223372036854775e+18,-9.223372036854775e+18
1737581125000,9.0,18.0,0.0,0.0,4.0,19.0,0.0,4.0,19.0,,,,,,,,,,,,,,,,,,,1.0,0.0,0.0,19.0,1.0,1.0,1.0,0.0,1.0,1.0,1.0,1.0,,,,,,,,,,,,,,,,,,,0.0,9.0,9.0,241407000.0,28.0,33.0,23.0,38.0,28.0,24.0,2967.0,28.0,,,,,,,,,,,,,,,,,,,0.0,-9.223372036854775e+18,-9.223372036854775e+18
1737581130000,1.0,17.0,19.0,18.0,12.0,18.0,18.0,3.0,13.0,,,,,,,,,,,,,,,,,,,1.0,0.0,0.0,17.0,1.0,1.0,1.0,4.0,1.0,1.0,1.0,6.0,,,,,,,,,,,,,,,,,,,0.0,1.0,9.0,15.0,378.0,26.0,37.0,53.0,39.0,27.0,28.0,36.0,,,,,,,,,,,,,,,,,,,0.0,-9.223372036854775e+18,-9.223372036854775e+18
1737581135000,1.0,16.0,2.0,20.0,11.0,20.0,0.0,0.0,11.0,,,,,,,,,,,,,,,,,,,2.0,0.0,0.0,20.0,1.0,1.0,1.0,1.0,1.0,0.0,0.0,1.0,,,,,,,,,,,,,,,,,,,0.0,1.0,4.0,0.0,28.0,26.0,27.0,46.0,28.0,26.0,28.0,28.0,,,,,,,,,,,,,,,,,,,1.0,-9.223372036854775e+18,-9.223372036854775e+18
1737581140000,1.0,17.0,2.0,0.0,3.0,0.0,0.0,0.0,19.0,,,,,,,,,,,,,,,,,,,1.0,0.0,0.0,16.0,1.0,1.0,1.0,1.0,1.0,0.0,0.0,1.0,,,,,,,,,,,,,,,,,,,0.0,1.0,3.0,197604000.0,12380.0,25.0,28.0,27.0,19077.0,27.0,53.0,13225.0,,,,,,,,,,,,,,,,,,,0.0,-9.223372036854775e+18,-9.223372036854775e+18
1737581145000,1.0,14.0,19.0,19.0,19.0,17.0,19.0,19.0,11.0,,,,,,,,,,,,,,,,,,,1.0,0.0,0.0,24.0,1.0,1.0,1.0,1.0,1.0,1.0,1.0,1.0,,,,,,,,,,,,,,,,,,,0.0,1.0,7.0,18.0,262.0,28.0,54.0,125.0,270.0,36.0,28.0,122.0,,,,,,,,,,,,,,,,,,,0.0,-9.223372036854775e+18,-9.223372036854775e+18
1737581150000,1.0,9.0,19.0,19.0,19.0,13.0,19.0,16.0,0.0,,,,,,,,,,,,,,,,,,,1.0,0.0,0.0,13.0,1.0,1.0,1.0,1.0,1.0,1.0,1.0,0.0,,,,,,,,,,,,,,,,,,,0.0,1.0,3.0,0.0,13.0,28.0,25.0,33.0,23.0,27.0,28.0,25.0,,,,,,,,,,,,,,,,,,,0.0,-9.223372036854775e+18,-9.223372036854775e+18
1737581155000,9.0,20.0,3.0,0.0,4.0,0.0,0.0,0.0,19.0,,,,,,,,,,,,,,,,,,,1.0,0.0,0.0,17.0,1.0,1.0,1.0,1.0,1.0,0.0,0.0,1.0,,,,,,,,,,,,,,,,,,,0.0,9.0,9.0,197604000.0,52.0,33.0,53.0,28.0,9793.0,48.0,33.0,40.0,,,,,,,,,,,,,,,,,,,0.0,-9.223372036854775e+18,-9.223372036854775e+18
1737581160000,9.0,20.0,20.0,0.0,0.0,20.0,20.0,20.0,20.0,,,,,,,,,,,,,,,,,,,1.0,0.0,0.0,21.0,1.0,1.0,1.0,1.0,1.0,1.0,1.0,1.0,,,,,,,,,,,,,,,,,,,0.0,9.0,9.0,266823000.0,10.0,40.0,2756.0,2859.0,11.0,40.0,40.0,12.0,,,,,,,,,,,,,,,,,,,0.0,-9.223372036854775e+18,-9.223372036854775e+18
1737581165000,9.0,14.0,3.0,14.0,19.0,15.0,19.0,19.0,15.0,,,,,,,,,,,,,,,,,,,1.0,0.0,0.0,25.0,1.0,1.0,1.0,1.0,1.0,1.0,1.0,1.0,,,,,,,,,,,,,,,,,,,0.0,9.0,9.0,257247000.0,28.0,2090.0,28.0,18.0,28.0,28.0,26.0,28.0,,,,,,,,,,,,,,,,,,,0.0,-9.223372036854775e+18,-9.223372036854775e+18
1737581170000,9.0,19.0,20.0,20.0,20.0,20.0,20.0,20.0,13.0,,,,,,,,,,,,,,,,,,,1.0,0.0,0.0,19.0,1.0,1.0,1.0,1.0,1.0,1.0,1.0,1.0,,,,,,,,,,,,,,,,,,,0.0,9.0,8.0,0.0,15.0,28.0,14.0,26.0,30.0,27.0,28.0,28.0,,,,,,,,,,,,,,,,,,,3.0,-9.223372036854775e+18,-9.223372036854775e+18
1737581175000,1.0,13.0,0.0,1.0,19.0,0.0,0.0,0.0,19.0,,,,,,,,,,,,,,,,,,,1.0,0.0,0.0,18.0,1.0,0.0,1.0,1.0,1.0,0.0,0.0,1.0,,,,,,,,,,,,,,,,,,,0.0,1.0,1.0,197604000.0,1819.0,28.0,27.0,28.0,2497.0,56.0,22.0,32.0,,,,,,,,,,,,,,,,,,,0.0,-9.223372036854775e+18,-9.223372036854775e+18
1737581180000,1.0,13.0,0.0,0.0,0.0,0.0,0.0,19.0,19.0,,,,,,,,,,,,,,,,,,,1.0,0.0,0.0,23.0,1.0,1.0,1.0,0.0,1.0,1.0,1.0,1.0,,,,,,,,,,,,,,,,,,,0.0,1.0,6.0,190512000.0,9874.0,11.0,27.0,2124.0,3216.0,14.0,33.0,28.0,,,,,,,,,,,,,,,,,,,0.0,-9.223372036854775e+18,-9.223372036854775e+18
1737581185000,9.0,20.0,5.0,7.0,19.0,19.0,19.0,19.0,19.0,,,,,,,,,,,,,,,,,,,1.0,0.0,0.0,17.0,1.0,1.0,1.0,1.0,1.0,1.0,1.0,1.0,,,,,,,,,,,,,,,,,,,0.0,9.0,9.0,202977000.0,26.0,2465.0,9035.0,12141.0,28.0,33.0,33.0,27.0,,,,,,,,,,,,,,,,,,,0.0,-9.223372036854775e+18,-9.223372036854775e+18
1737581190000,1.0,10.0,20.0,19.0,20.0,8.0,20.0,20.0,1.0,,,,,,,,,,,,,,,,,,,1.0,0.0,0.0,16.0,1.0,1.0,1.0,1.0,1.0,1.0,1.0,2.0,,,,,,,,,,,,,,,,,,,0.0,1.0,1.0,0.0,20.0,28.0,50.0,28.0,16.0,26.0,28.0,50.0,,,,,,,,,,,,,,,,,,,1.0,-9.223372036854775e+18,-9.223372036854775e+18
1737581195000,1.0,12.0,2.0,19.0,3.0,14.0,0.0,0.0,5.0,,,,,,,,,,,,,,,,,,,1.0,0.0,0.0,16.0,1.0,1.0,1.0,1.0,1.0,0.0,0.0,1.0,,,,,,,,,,,,,,,,,,,0.0,1.0,1.0,197604000.0,2851.0,28.0,2215.0,28.0,9304.0,28.0,22.0,9524.0,,,,,,,,,,,,,,,,,,,0.0,-9.223372036854775e+18,-9.223372036854775e+18
1737581200000,1.0,2.0,20.0,20.0,0.0,0.0,12.0,16.0,0.0,,,,,,,,,,,,,,,,,,,1.0,0.0,0.0,8.0,1.0,0.0,1.0,1.0,1.0,0.0,0.0,1.0,,,,,,,,,,,,,,,,,,,0.0,1.0,1.0,1.0,11.0,860.0,28.0,2375.0,13.0,887.0,25.0,450.0,,,,,,,,,,,,,,,,,,,0.0,-9.223372036854775e+18,-9.223372036854775e+18
1737581205000,9.0,18.0,0.0,3.0,0.0,19.0,0.0,0.0,19.0,,,,,,,,,,,,,,,,,,,1.0,0.0,0.0,24.0,1.0,1.0,0.0,0.0,1.0,1.0,1.0,1.0,,,,,,,,,,,,,,,,,,,0.0,9.0,9.0,241407000.0,28.0,25.0,68.0,41.0,27.0,28.0,849.0,27.0,,,,,,,,,,,,,,,,,,,0.0,-9.223372036854775e+18,-9.223372036854775e+18
1737581210000,9.0,18.0,19.0,8.0,20.0,19.0,19.0,19.0,19.0,,,,,,,,,,,,,,,,,,,1.0,0.0,0.0,24.0,1.0,1.0,1.0,1.0,1.0,1.0,1.0,1.0,,,,,,,,,,,,,,,,,,,0.0,9.0,9.0,266823000.0,12.0,28.0,2757.0,61.0,16.0,25.0,28.0,16.0,,,,,,,,,,,,,,,,,,,0.0,-9.223372036854775e+18,-9.223372036854775e+18
1737581215000,9.0,19.0,19.0,19.0,20.0,19.0,19.0,19.0,19.0,,,,,,,,,,,,,,,,,,,1.0,0.0,0.0,24.0,1.0,1.0,1.0,1.0,1.0,1.0,1.0,1.0,,,,,,,,,,,,,,,,,,,0.0,9.0,9.0,183.0,26.0,72.0,28.0,27.0,28.0,78.0,86.0,28.0,,,,,,,,,,,,,,,,,,,0.0,-9.223372036854775e+18,-9.223372036854775e+18
1737581220000,9.0,19.0,19.0,19.0,19.0,19.0,19.0,19.0,19.0,,,,,,,,,,,,,,,,,,,2.0,0.0,0.0,19.0,1.0,1.0,1.0,1.0,1.0,1.0,1.0,1.0,,,,,,,,,,,,,,,,,,,0.0,9.0,9.0,0.0,28.0,28.0,28.0,28.0,28.0,28.0,15.0,28.0,,,,,,,,,,,,,,,,,,,0.0,-9.223372036854775e+18,-9.223372036854775e+18
1737581225000,1.0,2.0,19.0,19.0,14.0,1.0,18.0,0.0,0.0,,,,,,,,,,,,,,,,,,,0.0,0.0,0.0,8.0,0.0,1.0,1.0,1.0,0.0,1.0,1.0,0.0,,,,,,,,,,,,,,,,,,,0.0,1.0,1.0,7.0,291.0,27.0,25.0,37.0,25.0,28.0,28.0,30.0,,,,,,,,,,,,,,,,,,,0.0,-9.223372036854775e+18,-9.223372036854775e+18
1737581230000,1.0,2.0,21.0,13.0,0.0,2.0,21.0,0.0,0.0,,,,,,,,,,,,,,,,,,,0.0,0.0,0.0,8.0,0.0,1.0,1.0,1.0,0.0,1.0,1.0,0.0,,,,,,,,,,,,,,,,,,,0.0,1.0,1.0,1.0,14.0,28.0,28.0,28.0,44.0,28.0,14.0,18.0,,,,,,,,,,,,,,,,,,,0.0,-9.223372036854775e+18,-9.223372036854775e+18
1737581235000,9.0,20.0,0.0,0.0,0.0,19.0,0.0,17.0,20.0,,,,,,,,,,,,,,,,,,,1.0,0.0,0.0,18.0,1.0,0.0,1.0,1.0,1.0,0.0,1.0,1.0,,,,,,,,,,,,,,,,,,,0.0,9.0,9.0,190512000.0,348.0,37.0,26.0,20.0,3014.0,30.0,296470000.0,21.0,,,,,,,,,,,,,,,,,,,0.0,-9.223372036854775e+18,-9.223372036854775e+18
1737581240000,9.0,19.0,19.0,19.0,19.0,19.0,19.0,19.0,19.0,,,,,,,,,,,,,,,,,,,1.0,0.0,0.0,19.0,1.0,1.0,1.0,1.0,1.0,1.0,1.0,1.0,,,,,,,,,,,,,,,,,,,0.0,9.0,9.0,182.0,27.0,54.0,27.0,27.0,27.0,100.0,55.0,28.0,,,,,,,,,,,,,,,,,,,0.0,-9.223372036854775e+18,-9.223372036854775e+18
1737581245000,9.0,20.0,19.0,20.0,19.0,20.0,19.0,19.0,21.0,,,,,,,,,,,,,,,,,,,1.0,0.0,0.0,20.0,1.0,1.0,1.0,1.0,1.0,1.0,1.0,2.0,,,,,,,,,,,,,,,,,,,0.0,9.0,9.0,266823000.0,28.0,27.0,27.0,20.0,28.0,27.0,28.0,27.0,,,,,,,,,,,,,,,,,,,0.0,-9.223372036854775e+18,-9.223372036854775e+18
1737581250000,1.0,12.0,20.0,19.0,19.0,15.0,20.0,20.0,3.0,,,,,,,,,,,,,,,,,,,1.0,0.0,0.0,13.0,1.0,1.0,1.0,1.0,1.0,1.0,1.0,1.0,,,,,,,,,,,,,,,,,,,0.0,1.0,1.0,0.0,121.0,28.0,44.0,25.0,44.0,26.0,27.0,44.0,,,,,,,,,,,,,,,,,,,0.0,-9.223372036854775e+18,-9.223372036854775e+18
1737581255000,1.0,2.0,19.0,18.0,13.0,0.0,18.0,0.0,0.0,,,,,,,,,,,,,,,,,,,1.0,0.0,0.0,8.0,1.0,1.0,1.0,1.0,1.0,1.0,0.0,1.0,,,,,,,,,,,,,,,,,,,0.0,1.0,1.0,1.0,11.0,18.0,28.0,27.0,21.0,24.0,10737.0,25.0,,,,,,,,,,,,,,,,,,,4.0,-9.223372036854775e+18,-9.223372036854775e+18
1737581260000,1.0,2.0,20.0,20.0,0.0,0.0,14.0,0.0,0.0,,,,,,,,,,,,,,,,,,,1.0,0.0,0.0,8.0,1.0,1.0,1.0,0.0,1.0,1.0,1.0,1.0,,,,,,,,,,,,,,,,,,,0.0,1.0,1.0,0.0,11.0,28.0,27.0,143.0,28.0,27.0,15.0,14.0,,,,,,,,,,,,,,,,,,,0.0,-9.223372036854775e+18,-9.223372036854775e+18
1737581265000,9.0,13.0,3.0,14.0,0.0,12.0,0.0,0.0,4.0,,,,,,,,,,,,,,,,,,,1.0,0.0,0.0,25.0,1.0,1.0,1.0,0.0,1.0,1.0,1.0,1.0,,,,,,,,,,,,,,,,,,,0.0,9.0,8.0,197604000.0,296470000.0,27.0,3049.0,47.0,296470000.0,28.0,14.0,419420.0,,,,,,,,,,,,,,,,,,,0.0,-9.223372036854775e+18,-9.223372036854775e+18
1737581270000,9.0,19.0,0.0,0.0,0.0,19.0,0.0,12.0,19.0,,,,,,,,,,,,,,,,,,,1.0,0.0,0.0,17.0,1.0,0.0,1.0,0.0,1.0,0.0,0.0,1.0,,,,,,,,,,,,,,,,,,,0.0,9.0,9.0,266.0,7595.0,11.0,32.0,24.0,5550.0,11.0,924.0,6075.0,,,,,,,,,,,,,,,,,,,0.0,-9.223372036854775e+18,-9.223372036854775e+18
1737581275000,9.0,20.0,0.0,0.0,19.0,19.0,0.0,11.0,19.0,,,,,,,,,,,,,,,,,,,1.0,0.0,0.0,20.0,1.0,0.0,1.0,1.0,1.0,0.0,1.0,1.0,,,,,,,,,,,,,,,,,,,0.0,9.0,9.0,241407000.0,13.0,83.0,5487.0,27.0,28.0,1630.0,27.0,25.0,,,,,,,,,,,,,,,,,,,0.0,-9.223372036854775e+18,-9.223372036854775e+18
1737581280000,9.0,18.0,19.0,14.0,19.0,19.0,19.0,19.0,19.0,,,,,,,,,,,,,,,,,,,1.0,0.0,0.0,20.0,1.0,1.0,1.0,1.0,1.0,1.0,1.0,1.0,,,,,,,,,,,,,,,,,,,0.0,9.0,9.0,232740000.0,25.0,52.0,3379.0,28.0,28.0,48.0,40.0,28.0,,,,,,,,,,,,,,,,,,,0.0,-9.223372036854775e+18,-9.223372036854775e+18
1737581285000,9.0,21.0,19.0,19.0,19.0,19.0,19.0,19.0,19.0,,,,,,,,,,,,,,,,,,,1.0,0.0,0.0,19.0,1.0,1.0,1.0,1.0,1.0,1.0,1.0,1.0,,,,,,,,,,,,,,,,,,,0.0,9.0,9.0,257247000.0,10.0,25.0,25.0,20.0,28.0,25.0,28.0,28.0,,,,,,,,,,,,,,,,,,,0.0,-9.223372036854775e+18,-9.223372036854775e+18
1737581290000,9.0,20.0,19.0,19.0,19.0,19.0,19.0,19.0,19.0,,,,,,,,,,,,,,,,,,,1.0,0.0,0.0,20.0,1.0,1.0,1.0,1.0,1.0,1.0,1.0,1.0,,,,,,,,,,,,,,,,,,,0.0,9.0,9.0,229.0,16.0,28.0,16.0,96.0,28.0,28.0,27.0,16.0,,,,,,,,,,,,,,,,,,,0.0,-9.223372036854775e+18,-9.223372036854775e+18
1737581295000,9.0,20.0,19.0,19.0,19.0,19.0,19.0,19.0,18.0,,,,,,,,,,,,,,,,,,,1.0,0.0,0.0,24.0,1.0,1.0,1.0,1.0,1.0,1.0,1.0,1.0,,,,,,,,,,,,,,,,,,,0.0,9.0,9.0,0.0,28.0,54.0,28.0,28.0,28.0,75.0,53.0,28.0,,,,,,,,,,,,,,,,,,,0.0,-9.223372036854775e+18,-9.223372036854775e+18
1737581300000,9.0,19.0,19.0,19.0,19.0,19.0,19.0,19.0,18.0,,,,,,,,,,,,,,,,,,,1.0,0.0,0.0,20.0,1.0,1.0,1.0,1.0,1.0,1.0,1.0,1.0,,,,,,,,,,,,,,,,,,,0.0,9.0,9.0,6.0,28.0,33.0,28.0,28.0,28.0,18.0,20.0,28.0,,,,,,,,,,,,,,,,,,,0.0,-9.223372036854775e+18,-9.223372036854775e+18
1737581305000,1.0,12.0,19.0,19.0,19.0,16.0,19.0,5.0,3.0,,,,,,,,,,,,,,,,,,,1.0,0.0,0.0,13.0,1.0,1.0,1.0,1.0,1.0,1.0,1.0,1.0,,,,,,,,,,,,,,,,,,,0.0,1.0,1.0,0.0,67.0,28.0,23.0,27.0,824.0,27.0,28.0,60.0,,,,,,,,,,,,,,,,,,,0.0,-9.223372036854775e+18,-9.223372036854775e+18
1737581310000,1.0,2.0,19.0,20.0,11.0,0.0,19.0,2.0,0.0,,,,,,,,,,,,,,,,,,,0.0,0.0,0.0,8.0,0.0,1.0,1.0,1.0,0.0,1.0,1.0,0.0,,,,,,,,,,,,,,,,,,,0.0,1.0,1.0,0.0,16.0,27.0,27.0,28.0,16.0,27.0,29.0,18.0,,,,,,,,,,,,,,,,,,,0.0,-9.223372036854775e+18,-9.223372036854775e+18
1737581315000,1.0,2.0,20.0,12.0,5.0,0.0,15.0,0.0,0.0,,,,,,,,,,,,,,,,,,,1.0,0.0,0.0,8.0,1.0,1.0,1.0,1.0,1.0,1.0,0.0,1.0,,,,,,,,,,,,,,,,,,,0.0,1.0,1.0,0.0,11.0,27.0,28.0,24.0,22.0,28.0,16.0,18.0,,,,,,,,,,,,,,,,,,,0.0,-9.223372036854775e+18,-9.223372036854775e+18
1737581320000,9.0,19.0,0.0,0.0,0.0,1.0,0.0,0.0,19.0,,,,,,,,,,,,,,,,,,,1.0,0.0,0.0,18.0,1.0,1.0,1.0,0.0,1.0,1.0,1.0,1.0,,,,,,,,,,,,,,,,,,,0.0,9.0,9.0,218412000.0,28.0,28.0,28.0,34.0,1714.0,27.0,9239.0,28.0,,,,,,,,,,,,,,,,,,,0.0,-9.223372036854775e+18,-9.223372036854775e+18
1737581325000,9.0,17.0,0.0,0.0,15.0,19.0,19.0,19.0,19.0,,,,,,,,,,,,,,,,,,,1.0,0.0,0.0,24.0,1.0,1.0,0.0,1.0,1.0,1.0,1.0,1.0,,,,,,,,,,,,,,,,,,,0.0,9.0,9.0,202977000.0,28.0,1587.0,30687.0,8702.0,25.0,28.0,27.0,25.0,,,,,,,,,,,,,,,,,,,0.0,-9.223372036854775e+18,-9.223372036854775e+18
1737581330000,9.0,19.0,20.0,20.0,20.0,20.0,20.0,20.0,20.0,,,,,,,,,,,,,,,,,,,1.0,0.0,0.0,24.0,1.0,1.0,1.0,1.0,1.0,1.0,1.0,1.0,,,,,,,,,,,,,,,,,,,0.0,9.0,9.0,0.0,12.0,27.0,27.0,28.0,28.0,27.0,28.0,27.0,,,,,,,,,,,,,,,,,,,0.0,-9.223372036854775e+18,-9.223372036854775e+18
1737581335000,9.0,20.0,20.0,14.0,20.0,20.0,20.0,20.0,20.0,,,,,,,,,,,,,,,,,,,2.0,0.0,0.0,22.0,1.0,1.0,1.0,1.0,1.0,1.0,1.0,1.0,,,,,,,,,,,,,,,,,,,0.0,9.0,9.0,253332000.0,13.0,20.0,767.0,25.0,17.0,20.0,22.0,14.0,,,,,,,,,,,,,,,,,,,0.0,-9.223372036854775e+18,-9.223372036854775e+18
1737581340000,1.0,2.0,19.0,19.0,0.0,0.0,18.0,0.0,0.0,,,,,,,,,,,,,,,,,,,1.0,0.0,0.0,8.0,1.0,1.0,1.0,0.0,1.0,1.0,1.0,1.0,,,,,,,,,,,,,,,,,,,0.0,1.0,1.0,0.0,11.0,28.0,27.0,633.0,28.0,27.0,13.0,13.0,,,,,,,,,,,,,,,,,,,0.0,-9.223372036854775e+18,-9.223372036854775e+18
1737581345000,1.0,14.0,2.0,0.0,0.0,0.0,0.0,0.0,0.0,,,,,,,,,,,,,,,,,,,1.0,0.0,0.0,25.0,1.0,1.0,0.0,0.0,0.0,1.0,1.0,1.0,,,,,,,,,,,,,,,,,,,0.0,1.0,9.0,6.0,3037.0,27.0,16.0,18.0,3076.0,28.0,13.0,2966.0,,,,,,,,,,,,,,,,,,,0.0,-9.223372036854775e+18,-9.223372036854775e+18
1737581350000,9.0,17.0,6.0,0.0,1.0,20.0,0.0,6.0,20.0,,,,,,,,,,,,,,,,,,,1.0,0.0,0.0,24.0,1.0,0.0,1.0,1.0,1.0,0.0,1.0,1.0,,,,,,,,,,,,,,,,,,,0.0,9.0,9.0,266823000.0,79.0,342.0,4284.0,3261.0,28.0,11.0,11020.0,27.0,,,,,,,,,,,,,,,,,,,0.0,-9.223372036854775e+18,-9.223372036854775e+18
1737581355000,0.0,5.0,19.0,5.0,20.0,5.0,19.0,19.0,5.0,,,,,,,,,,,,,,,,,,,1.0,0.0,0.0,3.0,1.0,1.0,1.0,1.0,1.0,1.0,1.0,1.0,,,,,,,,,,,,,,,,,,,0.0,0.0,0.0,0.0,27.0,22.0,28.0,28.0,28.0,22.0,1394.0,28.0,,,,,,,,,,,,,,,,,,,0.0,-9.223372036854775e+18,-9.223372036854775e+18
1737581360000,,,,,0.0,,,,,,,,,,,,,,,,,,,,,,,,,,,,,,0.0,,,,,,,,,,,,,,,,,,,,,,,,,,,,,,1669266.0,,,,,,,,,,,,,,,,,,,,,,,,,
1737581380000,0.0,0.0,0.0,,,,0.0,0.0,,0.0,,,,,0.0,,,,,,,,,,,,,0.0,0.0,0.0,0.0,0.0,0.0,,,,0.0,0.0,,1.0,,,,,0.0,,,,,,,,,,,,,0.0,0.0,0.0,0.0,0.0,0.0,,,,0.0,0.0,,29647000.0,,,,,0.0,,,,,,,,,,,,,0.0,-9.223372036854775e+18,-9.223372036854775e+18
1737581385000,1.0,2.0,0.0,0.0,0.0,0.0,0.0,0.0,0.0,0.0,0.0,0.0,0.0,0.0,0.0,0.0,0.0,,,,,,,,,,,0.0,0.0,0.0,16.0,0.0,0.0,0.0,0.0,0.0,0.0,0.0,0.0,0.0,0.0,0.0,0.0,0.0,0.0,0.0,0.0,,,,,,,,,,,0.0,2.0,1.0,2.0,546.0,101.0,26825000.0,734.0,19866000.0,272.0,406.0,175.0,128.0,205.0,313.0,1411857.0,260.0,241.0,586.0,17974000.0,,,,,,,,,,,9.0,-9.223372036854775e+18,-9.223372036854775e+18
1737581390000,1.0,7.0,0.0,0.0,13.0,0.0,0.0,0.0,0.0,12.0,0.0,0.0,0.0,0.0,0.0,0.0,6.0,,,,,,,,,,,36.0,0.0,0.0,19.0,0.0,1.0,0.0,15.0,0.0,0.0,0.0,1.0,1.0,0.0,1.0,0.0,0.0,0.0,0.0,0.0,,,,,,,,,,,0.0,1.0,9.0,1.0,463.0,50.0,1661.0,53.0,15310.0,422.0,199.0,56.0,94.0,67.0,54.0,1133.0,55.0,435.0,67.0,50.0,,,,,,,,,,,5.0,-9.223372036854775e+18,-9.223372036854775e+18
1737581395000,9.0,19.0,0.0,0.0,0.0,0.0,0.0,0.0,10.0,18.0,0.0,11.0,1.0,10.0,0.0,0.0,19.0,,,,,,,,,,,1.0,0.0,0.0,38.0,1.0,1.0,1.0,0.0,1.0,0.0,0.0,1.0,2.0,1.0,1.0,1.0,2.0,0.0,0.0,1.0,,,,,,,,,,,0.0,9.0,9.0,92.0,84.0,21.0,26864000.0,2210303.0,463328.0,1358.0,463328.0,463328.0,97.0,463328.0,108.0,29647000.0,100.0,109.0,107.0,67.0,,,,,,,,,,,0.0,-9.223372036854775e+18,-9.223372036854775e+18
1737581400000,1.0,2.0,0.0,19.0,0.0,19.0,19.0,19.0,0.0,0.0,0.0,0.0,19.0,0.0,19.0,19.0,7.0,,,,,,,,,,,1.0,0.0,0.0,16.0,1.0,1.0,1.0,0.0,3.0,1.0,1.0,0.0,1.0,0.0,0.0,1.0,0.0,1.0,1.0,1.0,,,,,,,,,,,0.0,1.0,1.0,36.0,46.0,63.0,172.0,352.0,46.0,111.0,123.0,37.0,23.0,2125.0,39.0,22.0,37.0,119.0,463328.0,67.0,,,,,,,,,,,0.0,-9.223372036854775e+18,-9.223372036854775e+18
1737581405000,9.0,20.0,0.0,8.0,7.0,0.0,0.0,6.0,8.0,18.0,0.0,8.0,7.0,1.0,4.0,0.0,0.0,,,,,,,,,,,1.0,0.0,0.0,25.0,1.0,0.0,0.0,1.0,0.0,4.0,1.0,0.0,1.0,0.0,0.0,0.0,0.0,1.0,1.0,0.0,,,,,,,,,,,0.0,9.0,9.0,164.0,1079.0,553.0,527.0,1225.0,55.0,25.0,24.0,67.0,2458.0,329.0,55.0,208.0,59.0,25.0,893.0,37.0,,,,,,,,,,,0.0,-9.223372036854775e+18,-9.223372036854775e+18
1737581410000,1.0,2.0,9.0,19.0,19.0,19.0,8.0,8.0,13.0,0.0,0.0,13.0,19.0,7.0,9.0,8.0,19.0,,,,,,,,,,,0.0,0.0,0.0,16.0,0.0,1.0,1.0,1.0,1.0,1.0,1.0,1.0,0.0,1.0,1.0,1.0,1.0,1.0,1.0,1.0,,,,,,,,,,,0.0,1.0,1.0,0.0,54.0,67.0,33.0,134426.0,33.0,18.0,19.0,65.0,58.0,25.0,65.0,33.0,58.0,18.0,19.0,22.0,,,,,,,,,,,0.0,-9.223372036854775e+18,-9.223372036854775e+18
1737581415000,1.0,9.0,6.0,0.0,0.0,0.0,16.0,19.0,19.0,0.0,9.0,19.0,0.0,19.0,19.0,5.0,0.0,,,,,,,,,,,1.0,0.0,0.0,20.0,1.0,1.0,1.0,0.0,1.0,4.0,1.0,1.0,1.0,1.0,1.0,1.0,1.0,1.0,1.0,1.0,,,,,,,,,,,0.0,1.0,1.0,218412000.0,2816.0,41.0,22.0,3813.0,3728.0,84.0,89.0,50.0,3080.0,67.0,67.0,25.0,50.0,98.0,88.0,22.0,,,,,,,,,,,0.0,-9.223372036854775e+18,-9.223372036854775e+18
1737581420000,2.0,14.0,11.0,0.0,0.0,0.0,14.0,19.0,17.0,4.0,0.0,17.0,1.0,13.0,19.0,2.0,0.0,,,,,,,,,,,9.0,0.0,0.0,21.0,1.0,1.0,1.0,1.0,1.0,1.0,1.0,1.0,1.0,0.0,1.0,1.0,4.0,1.0,1.0,0.0,,,,,,,,,,,0.0,2.0,1.0,0.0,15102.0,821.0,22.0,1323.0,2492.0,92.0,68.0,88.0,2480.0,2209.0,86.0,20.0,92.0,93.0,69.0,1886.0,,,,,,,,,,,0.0,-9.223372036854775e+18,-9.223372036854775e+18
1737581425000,9.0,5.0,2.0,14.0,16.0,13.0,1.0,7.0,0.0,19.0,19.0,0.0,13.0,0.0,6.0,0.0,9.0,,,,,,,,,,,0.0,0.0,0.0,40.0,0.0,1.0,1.0,1.0,1.0,1.0,1.0,1.0,1.0,1.0,1.0,1.0,1.0,1.0,1.0,1.0,,,,,,,,,,,0.0,2.0,9.0,74.0,729.0,33.0,18.0,67.0,18.0,20.0,21.0,63.0,48.0,9622.0,51.0,18.0,25.0,53.0,2082.0,53.0,,,,,,,,,,,0.0,-9.223372036854775e+18,-9.223372036854775e+18
1737581430000,1.0,2.0,16.0,0.0,0.0,6.0,14.0,15.0,19.0,0.0,0.0,19.0,0.0,17.0,15.0,15.0,19.0,,,,,,,,,,,1.0,0.0,0.0,16.0,0.0,1.0,1.0,1.0,1.0,1.0,1.0,1.0,0.0,1.0,1.0,1.0,1.0,1.0,3.0,1.0,,,,,,,,,,,0.0,1.0,1.0,1.0,18.0,70.0,296470000.0,23.0,296470000.0,20.0,17.0,50.0,40.0,22.0,54.0,296470000.0,22.0,45.0,43.0,204.0,,,,,,,,,,,0.0,-9.223372036854775e+18,-9.223372036854775e+18
1737581435000,1.0,16.0,0.0,0.0,0.0,0.0,0.0,0.0,19.0,5.0,5.0,19.0,0.0,19.0,0.0,19.0,0.0,,,,,,,,,,,1.0,0.0,0.0,22.0,1.0,1.0,1.0,0.0,1.0,1.0,1.0,1.0,1.0,1.0,1.0,1.0,1.0,1.0,1.0,1.0,,,,,,,,,,,0.0,1.0,1.0,0.0,16.0,2566.0,183.0,32.0,24.0,1517.0,1524.0,55.0,48.0,54.0,55.0,110.0,56.0,2023.0,36.0,23.0,,,,,,,,,,,0.0,-9.223372036854775e+18,-9.223372036854775e+18
1737581440000,1.0,2.0,17.0,19.0,19.0,19.0,4.0,11.0,8.0,15.0,0.0,8.0,19.0,2.0,7.0,0.0,16.0,,,,,,,,,,,1.0,0.0,0.0,16.0,1.0,1.0,1.0,1.0,1.0,1.0,1.0,2.0,1.0,0.0,2.0,1.0,1.0,1.0,1.0,1.0,,,,,,,,,,,0.0,1.0,1.0,80.0,4311.0,20.0,20.0,101.0,20.0,37.0,50.0,36.0,3578.0,66.0,35.0,20.0,36.0,48.0,46.0,50.0,,,,,,,,,,,0.0,-9.223372036854775e+18,-9.223372036854775e+18
1737581445000,9.0,19.0,0.0,8.0,0.0,4.0,20.0,20.0,19.0,10.0,0.0,19.0,0.0,19.0,9.0,20.0,0.0,,,,,,,,,,,1.0,0.0,0.0,41.0,1.0,0.0,0.0,1.0,0.0,1.0,1.0,1.0,1.0,1.0,1.0,0.0,1.0,1.0,1.0,1.0,,,,,,,,,,,0.0,4.0,9.0,0.0,16.0,2715.0,45.0,20.0,38.0,18.0,21.0,52.0,20.0,50.0,50.0,2865.0,67.0,3736.0,19.0,25.0,,,,,,,,,,,0.0,-9.223372036854775e+18,-9.223372036854775e+18
1737581450000,1.0,2.0,7.0,18.0,19.0,13.0,1.0,1.0,2.0,0.0,19.0,2.0,18.0,0.0,2.0,2.0,3.0,,,,,,,,,,,0.0,0.0,0.0,16.0,0.0,1.0,1.0,1.0,5.0,1.0,1.0,1.0,0.0,1.0,1.0,1.0,1.0,1.0,1.0,1.0,,,,,,,,,,,0.0,1.0,1.0,0.0,33.0,58.0,28.0,18.0,50.0,18.0,18.0,18.0,66.0,67.0,16.0,75.0,18.0,20.0,20.0,67.0,,,,,,,,,,,0.0,-9.223372036854775e+18,-9.223372036854775e+18
1737581455000,9.0,17.0,0.0,0.0,0.0,0.0,10.0,0.0,0.0,14.0,17.0,0.0,0.0,10.0,0.0,19.0,0.0,,,,,,,,,,,2.0,0.0,0.0,40.0,1.0,1.0,1.0,0.0,1.0,1.0,1.0,0.0,2.0,1.0,0.0,1.0,1.0,1.0,1.0,1.0,,,,,,,,,,,0.0,9.0,9.0,266823000.0,1284.0,24.0,18.0,28.0,2616.0,7369.0,7297.0,2751.0,24.0,19.0,2731.0,18.0,3279.0,7487.0,33.0,19.0,,,,,,,,,,,1.0,-9.223372036854775e+18,-9.223372036854775e+18
1737581460000,2.0,2.0,17.0,19.0,19.0,19.0,4.0,13.0,6.0,16.0,0.0,6.0,19.0,2.0,10.0,0.0,16.0,,,,,,,,,,,1.0,0.0,0.0,16.0,1.0,1.0,1.0,1.0,3.0,1.0,1.0,2.0,1.0,0.0,2.0,1.0,1.0,1.0,1.0,1.0,,,,,,,,,,,0.0,1.0,1.0,2.0,18.0,21.0,50.0,33.0,53.0,52.0,99.0,33.0,4292.0,67.0,33.0,50.0,44.0,54.0,24.0,24.0,,,,,,,,,,,0.0,-9.223372036854775e+18,-9.223372036854775e+18
1737581465000,9.0,18.0,0.0,0.0,3.0,0.0,0.0,0.0,5.0,10.0,12.0,9.0,3.0,19.0,1.0,19.0,0.0,,,,,,,,,,,1.0,0.0,0.0,41.0,1.0,0.0,0.0,1.0,0.0,1.0,1.0,1.0,1.0,1.0,1.0,0.0,1.0,1.0,1.0,1.0,,,,,,,,,,,0.0,9.0,9.0,0.0,56.0,2090.0,31.0,19.0,2263.0,2669.0,22.0,5542.0,67.0,206.0,296470000.0,39.0,25.0,22.0,21.0,25.0,,,,,,,,,,,1.0,-9.223372036854775e+18,-9.223372036854775e+18
1737581470000,2.0,2.0,0.0,19.0,19.0,19.0,0.0,0.0,15.0,0.0,0.0,14.0,19.0,8.0,0.0,6.0,17.0,,,,,,,,,,,0.0,0.0,0.0,17.0,0.0,0.0,1.0,1.0,1.0,0.0,0.0,1.0,0.0,1.0,1.0,1.0,1.0,0.0,1.0,1.0,,,,,,,,,,,0.0,1.0,1.0,0.0,378.0,58.0,44.0,3070.0,49.0,32.0,233.0,22.0,72.0,1934.0,21.0,52.0,19.0,78.0,1061.0,50.0,,,,,,,,,,,862.0,-9.223372036854775e+18,-9.223372036854775e+18
1737581475000,1.0,12.0,15.0,0.0,8.0,0.0,0.0,0.0,21.0,0.0,4.0,19.0,0.0,21.0,0.0,20.0,4.0,,,,,,,,,,,29.0,0.0,0.0,21.0,1.0,1.0,1.0,1.0,1.0,1.0,1.0,1.0,1.0,1.0,1.0,1.0,1.0,1.0,1.0,1.0,,,,,,,,,,,0.0,1.0,1.0,0.0,16.0,17209.0,22.0,37.0,2877.0,2981.0,3569.0,18.0,55.0,44.0,50.0,296470000.0,18.0,24.0,55.0,3552.0,,,,,,,,,,,0.0,-9.223372036854775e+18,-9.223372036854775e+18
1737581480000,1.0,2.0,4.0,19.0,19.0,16.0,1.0,9.0,0.0,19.0,19.0,0.0,19.0,0.0,7.0,0.0,7.0,,,,,,,,,,,1.0,0.0,0.0,16.0,1.0,1.0,1.0,1.0,1.0,1.0,1.0,1.0,1.0,1.0,1.0,1.0,1.0,1.0,1.0,1.0,,,,,,,,,,,0.0,1.0,1.0,2.0,296470000.0,55.0,19.0,6967.0,18.0,20.0,22.0,6365.0,296470000.0,354.0,25.0,19.0,6428.0,45.0,25.0,810.0,,,,,,,,,,,0.0,-9.223372036854775e+18,-9.223372036854775e+18
1737581485000,9.0,19.0,0.0,0.0,3.0,0.0,0.0,0.0,19.0,18.0,9.0,19.0,0.0,19.0,0.0,19.0,0.0,,,,,,,,,,,1.0,0.0,0.0,40.0,1.0,1.0,0.0,1.0,0.0,1.0,1.0,1.0,1.0,1.0,1.0,0.0,1.0,1.0,1.0,1.0,,,,,,,,,,,0.0,10.0,10.0,52.0,13.0,26.0,3687.0,18.0,2722.0,3221.0,18.0,66.0,18.0,66.0,51.0,2339.0,68.0,16.0,17.0,23.0,,,,,,,,,,,0.0,-9.223372036854775e+18,-9.223372036854775e+18
1737581490000,2.0,2.0,9.0,0.0,19.0,15.0,8.0,7.0,11.0,0.0,0.0,10.0,17.0,7.0,7.0,8.0,19.0,,,,,,,,,,,0.0,0.0,0.0,16.0,0.0,1.0,1.0,1.0,1.0,1.0,1.0,1.0,0.0,1.0,1.0,1.0,1.0,1.0,1.0,1.0,,,,,,,,,,,0.0,1.0,1.0,0.0,22.0,51.0,1513.0,2196.0,1461.0,20.0,20.0,56.0,61.0,20.0,56.0,1575.0,55.0,22.0,24.0,192.0,,,,,,,,,,,0.0,-9.223372036854775e+18,-9.223372036854775e+18
1737581495000,9.0,16.0,0.0,0.0,0.0,0.0,9.0,0.0,0.0,14.0,17.0,5.0,0.0,19.0,0.0,20.0,0.0,,,,,,,,,,,2.0,0.0,0.0,40.0,1.0,1.0,1.0,0.0,1.0,1.0,1.0,0.0,1.0,1.0,1.0,1.0,1.0,1.0,1.0,1.0,,,,,,,,,,,0.0,9.0,9.0,0.0,1323.0,20.0,25.0,28.0,2386.0,17439411.0,17439411.0,2826.0,25.0,20.0,296470000.0,22.0,67.0,18529375.0,28.0,21.0,,,,,,,,,,,0.0,-9.223372036854775e+18,-9.223372036854775e+18
1737581500000,9.0,15.0,0.0,0.0,0.0,19.0,19.0,19.0,19.0,10.0,1.0,19.0,19.0,19.0,19.0,11.0,20.0,,,,,,,,,,,1.0,0.0,0.0,39.0,1.0,1.0,1.0,1.0,1.0,2.0,1.0,1.0,1.0,1.0,1.0,1.0,1.0,1.0,1.0,1.0,,,,,,,,,,,0.0,9.0,9.0,0.0,4035.0,24.0,3216.0,24.0,18.0,61.0,67.0,42.0,2394.0,46.0,44.0,2526.0,42.0,62.0,68.0,50.0,,,,,,,,,,,0.0,-9.223372036854775e+18,-9.223372036854775e+18
1737581505000,5.0,10.0,0.0,8.0,13.0,7.0,0.0,5.0,0.0,19.0,19.0,0.0,8.0,0.0,3.0,0.0,7.0,,,,,,,,,,,1.0,0.0,0.0,21.0,1.0,0.0,1.0,1.0,1.0,1.0,1.0,1.0,1.0,1.0,1.0,1.0,1.0,1.0,1.0,1.0,,,,,,,,,,,0.0,2.0,1.0,100.0,10743.0,32.0,50.0,69.0,50.0,18.0,19.0,25.0,19.0,40.0,24.0,67.0,23.0,21.0,1952.0,58.0,,,,,,,,,,,0.0,-9.223372036854775e+18,-9.223372036854775e+18
1737581510000,1.0,2.0,16.0,9.0,0.0,19.0,19.0,19.0,19.0,0.0,0.0,19.0,18.0,14.0,11.0,19.0,19.0,,,,,,,,,,,0.0,0.0,0.0,16.0,0.0,1.0,1.0,1.0,1.0,1.0,1.0,1.0,0.0,1.0,1.0,1.0,1.0,1.0,1.0,1.0,,,,,,,,,,,0.0,1.0,1.0,1.0,21.0,91.0,16820.0,24.0,33.0,25.0,24.0,15.0,40.0,17.0,15.0,11963.0,16.0,3022.0,24.0,2100.0,,,,,,,,,,,0.0,-9.223372036854775e+18,-9.223372036854775e+18
1737581515000,9.0,20.0,5.0,9.0,1.0,0.0,0.0,0.0,6.0,19.0,19.0,3.0,5.0,3.0,0.0,0.0,4.0,,,,,,,,,,,1.0,0.0,0.0,33.0,1.0,1.0,1.0,1.0,1.0,0.0,0.0,1.0,1.0,1.0,1.0,1.0,1.0,0.0,0.0,1.0,,,,,,,,,,,0.0,9.0,9.0,95.0,67.0,22.0,22.0,265.0,18.0,67.0,60.0,1916.0,67.0,18.0,18.0,22.0,18.0,67.0,67.0,58.0,,,,,,,,,,,0.0,-9.223372036854775e+18,-9.223372036854775e+18
1737581520000,9.0,16.0,0.0,0.0,0.0,0.0,19.0,0.0,8.0,13.0,12.0,11.0,0.0,19.0,14.0,19.0,0.0,,,,,,,,,,,1.0,0.0,0.0,40.0,1.0,1.0,1.0,1.0,1.0,1.0,1.0,1.0,1.0,1.0,1.0,1.0,1.0,1.0,1.0,0.0,,,,,,,,,,,0.0,9.0,9.0,0.0,11122.0,19.0,18.0,252.0,13644.0,80.0,4001.0,1615.0,24.0,32.0,1386.0,2753.0,29.0,4235.0,244.0,296470000.0,,,,,,,,,,,0.0,-9.223372036854775e+18,-9.223372036854775e+18
1737581525000,9.0,4.0,17.0,13.0,19.0,14.0,12.0,19.0,8.0,0.0,19.0,7.0,13.0,2.0,17.0,2.0,9.0,,,,,,,,,,,0.0,0.0,0.0,40.0,0.0,1.0,1.0,1.0,1.0,1.0,1.0,1.0,1.0,1.0,1.0,1.0,1.0,1.0,1.0,1.0,,,,,,,,,,,0.0,4.0,9.0,0.0,296470000.0,172.0,67.0,23.0,67.0,17.0,22.0,18.0,1929.0,28.0,18.0,54.0,18.0,23.0,22.0,28.0,,,,,,,,,,,0.0,-9.223372036854775e+18,-9.223372036854775e+18
1737581530000,2.0,10.0,19.0,0.0,0.0,0.0,18.0,0.0,19.0,0.0,0.0,19.0,0.0,18.0,0.0,18.0,19.0,,,,,,,,,,,28.0,0.0,0.0,19.0,1.0,1.0,1.0,1.0,1.0,1.0,0.0,1.0,0.0,1.0,1.0,1.0,1.0,0.0,1.0,1.0,,,,,,,,,,,0.0,1.0,1.0,0.0,592.0,28.0,25.0,20.0,24.0,20.0,2634.0,18.0,28.0,18.0,18.0,24.0,15.0,2499.0,67.0,67.0,,,,,,,,,,,0.0,-9.223372036854775e+18,-9.223372036854775e+18
1737581535000,1.0,2.0,0.0,19.0,4.0,13.0,8.0,15.0,8.0,19.0,0.0,8.0,17.0,8.0,12.0,0.0,16.0,,,,,,,,,,,1.0,0.0,0.0,17.0,1.0,1.0,1.0,1.0,1.0,1.0,1.0,1.0,1.0,1.0,1.0,1.0,1.0,1.0,0.0,1.0,,,,,,,,,,,0.0,1.0,1.0,4.0,37.0,291.0,25.0,1316.0,22.0,1212.0,1437.0,19.0,1656.0,2423.0,20.0,25.0,20.0,1369.0,1452.0,18.0,,,,,,,,,,,0.0,-9.223372036854775e+18,-9.223372036854775e+18
1737581540000,1.0,16.0,0.0,0.0,0.0,0.0,0.0,0.0,9.0,3.0,0.0,9.0,0.0,5.0,0.0,19.0,6.0,,,,,,,,,,,1.0,0.0,0.0,22.0,1.0,1.0,1.0,1.0,1.0,1.0,1.0,1.0,1.0,0.0,1.0,1.0,1.0,1.0,1.0,0.0,,,,,,,,,,,0.0,1.0,1.0,4.0,58.0,296470000.0,55.0,22.0,324.0,13178.0,6202.0,24.0,67.0,172.0,24.0,812.0,55.0,11495.0,22.0,1792.0,,,,,,,,,,,0.0,-9.223372036854775e+18,-9.223372036854775e+18
1737581545000,9.0,21.0,0.0,16.0,8.0,16.0,0.0,0.0,0.0,20.0,20.0,0.0,16.0,0.0,0.0,7.0,0.0,,,,,,,,,,,1.0,0.0,0.0,27.0,1.0,0.0,1.0,1.0,1.0,1.0,1.0,1.0,1.0,1.0,1.0,1.0,1.0,1.0,1.0,0.0,,,,,,,,,,,0.0,9.0,10.0,42.0,16.0,88131000.0,26.0,66.0,24.0,22.0,21.0,25.0,50.0,72.0,25.0,24.0,17386.0,22.0,296470000.0,72.0,,,,,,,,,,,0.0,-9.223372036854775e+18,-9.223372036854775e+18
1737581550000,4.0,15.0,0.0,8.0,0.0,20.0,22.0,0.0,19.0,5.0,0.0,19.0,20.0,19.0,0.0,20.0,20.0,,,,,,,,,,,33.0,0.0,0.0,36.0,1.0,1.0,1.0,1.0,1.0,1.0,0.0,1.0,3.0,1.0,1.0,1.0,1.0,0.0,1.0,1.0,,,,,,,,,,,0.0,1.0,9.0,0.0,346.0,1497.0,296470000.0,16.0,40.0,17.0,3971.0,54.0,29.0,54.0,55.0,33.0,67.0,2548.0,53.0,19.0,,,,,,,,,,,3.0,-9.223372036854775e+18,-9.223372036854775e+18
1737581555000,1.0,3.0,19.0,19.0,0.0,13.0,0.0,6.0,11.0,19.0,0.0,11.0,18.0,11.0,5.0,0.0,19.0,,,,,,,,,,,1.0,0.0,0.0,16.0,1.0,1.0,1.0,0.0,1.0,0.0,1.0,1.0,1.0,1.0,1.0,1.0,1.0,1.0,0.0,1.0,,,,,,,,,,,0.0,1.0,1.0,4.0,4278.0,3846.0,49.0,1310.0,47.0,67.0,67.0,18.0,98.0,2423.0,18.0,16.0,20.0,98.0,28.0,17.0,,,,,,,,,,,0.0,-9.223372036854775e+18,-9.223372036854775e+18
1737581560000,4.0,14.0,0.0,9.0,13.0,3.0,0.0,5.0,0.0,20.0,15.0,0.0,6.0,0.0,2.0,0.0,0.0,,,,,,,,,,,1.0,0.0,0.0,22.0,1.0,1.0,1.0,1.0,1.0,1.0,1.0,1.0,1.0,1.0,1.0,1.0,1.0,1.0,1.0,0.0,,,,,,,,,,,0.0,2.0,2.0,603.0,13030.0,53.0,16.0,75.0,18.0,20.0,67.0,2012.0,18.0,594.0,1972.0,17.0,2126.0,53.0,2743.0,758.0,,,,,,,,,,,0.0,-9.223372036854775e+18,-9.223372036854775e+18
1737581565000,2.0,14.0,0.0,0.0,0.0,6.0,19.0,19.0,20.0,4.0,0.0,20.0,0.0,17.0,19.0,14.0,0.0,,,,,,,,,,,36.0,0.0,0.0,37.0,1.0,0.0,0.0,1.0,1.0,1.0,1.0,1.0,1.0,1.0,1.0,0.0,1.0,1.0,2.0,1.0,,,,,,,,,,,0.0,1.0,9.0,15.0,15.0,2030.0,2837.0,3358.0,3098.0,57.0,67.0,103.0,20.0,100.0,108.0,2427.0,94.0,53.0,54.0,1873.0,,,,,,,,,,,0.0,-9.223372036854775e+18,-9.223372036854775e+18
1737581570000,9.0,19.0,14.0,17.0,19.0,8.0,9.0,15.0,6.0,19.0,0.0,6.0,12.0,0.0,14.0,0.0,13.0,,,,,,,,,,,1.0,0.0,0.0,25.0,1.0,1.0,1.0,1.0,3.0,5.0,1.0,1.0,1.0,1.0,1.0,1.0,1.0,1.0,0.0,1.0,,,,,,,,,,,0.0,9.0,9.0,835.0,4394.0,24.0,40.0,18.0,24.0,198.0,945.0,57.0,6338.0,3998.0,18.0,24.0,67.0,183.0,16.0,25.0,,,,,,,,,,,0.0,-9.223372036854775e+18,-9.223372036854775e+18
1737581575000,9.0,16.0,0.0,3.0,14.0,0.0,0.0,0.0,0.0,8.0,20.0,0.0,0.0,0.0,0.0,0.0,0.0,,,,,,,,,,,27.0,0.0,0.0,40.0,1.0,1.0,1.0,3.0,1.0,1.0,1.0,0.0,1.0,1.0,0.0,1.0,0.0,1.0,1.0,1.0,,,,,,,,,,,0.0,5.0,9.0,0.0,3293.0,21.0,20.0,35.0,20.0,24.0,29647000.0,3027.0,26828000.0,15.0,6627.0,22.0,3746.0,29647000.0,2363.0,18.0,,,,,,,,,,,0.0,-9.223372036854775e+18,-9.223372036854775e+18
1737581580000,9.0,16.0,0.0,18.0,11.0,13.0,0.0,0.0,0.0,16.0,0.0,0.0,15.0,0.0,0.0,19.0,2.0,,,,,,,,,,,1.0,0.0,0.0,40.0,1.0,1.0,1.0,1.0,2.0,1.0,1.0,0.0,1.0,0.0,0.0,1.0,0.0,1.0,1.0,1.0,,,,,,,,,,,0.0,9.0,9.0,266823000.0,16.0,17.0,50.0,52.0,67.0,3289.0,23.0,40.0,50.0,29647000.0,37.0,67.0,33.0,23.0,54.0,101.0,,,,,,,,,,,0.0,-9.223372036854775e+18,-9.223372036854775e+18
1737581585000,9.0,16.0,0.0,0.0,0.0,19.0,19.0,19.0,19.0,4.0,0.0,19.0,19.0,16.0,19.0,14.0,0.0,,,,,,,,,,,1.0,0.0,0.0,41.0,1.0,0.0,0.0,1.0,1.0,1.0,1.0,1.0,1.0,1.0,1.0,1.0,1.0,1.0,1.0,1.0,,,,,,,,,,,0.0,3.0,9.0,0.0,15.0,2402.0,2342.0,296470000.0,18.0,15.0,17.0,96.0,21.0,183.0,102.0,18.0,87.0,18.0,17.0,2348.0,,,,,,,,,,,0.0,-9.223372036854775e+18,-9.223372036854775e+18
1737581590000,9.0,19.0,3.0,18.0,19.0,9.0,6.0,15.0,4.0,19.0,4.0,4.0,14.0,0.0,11.0,0.0,13.0,,,,,,,,,,,1.0,0.0,0.0,25.0,1.0,1.0,1.0,1.0,1.0,1.0,1.0,1.0,1.0,1.0,1.0,1.0,1.0,1.0,0.0,1.0,,,,,,,,,,,0.0,9.0,9.0,99.0,94.0,70.0,33.0,63.0,67.0,636.0,673.0,16.0,316.0,3573.0,54.0,80.0,18.0,492.0,17.0,18.0,,,,,,,,,,,0.0,-9.223372036854775e+18,-9.223372036854775e+18
1737581595000,9.0,15.0,3.0,1.0,4.0,1.0,0.0,0.0,0.0,9.0,19.0,0.0,0.0,0.0,1.0,19.0,0.0,,,,,,,,,,,1.0,0.0,0.0,40.0,1.0,1.0,1.0,1.0,1.0,1.0,1.0,0.0,1.0,1.0,0.0,1.0,0.0,1.0,1.0,1.0,,,,,,,,,,,0.0,9.0,9.0,0.0,16.0,20.0,2339.0,33.0,2324.0,6790.0,18.0,781.0,47.0,2636.0,700.0,296470000.0,754.0,25.0,33.0,296470000.0,,,,,,,,,,,0.0,-9.223372036854775e+18,-9.223372036854775e+18
1737581600000,1.0,3.0,19.0,1.0,19.0,19.0,10.0,19.0,4.0,0.0,0.0,4.0,0.0,0.0,15.0,0.0,23.0,,,,,,,,,,,1.0,0.0,0.0,16.0,1.0,1.0,1.0,1.0,1.0,1.0,1.0,1.0,1.0,0.0,1.0,1.0,0.0,1.0,1.0,1.0,,,,,,,,,,,0.0,1.0,1.0,0.0,14.0,17.0,650.0,33.0,675.0,22.0,20.0,33.0,1699.0,9246.0,33.0,694.0,33.0,22.0,20.0,67.0,,,,,,,,,,,0.0,-9.223372036854775e+18,-9.223372036854775e+18
1737581605000,9.0,6.0,0.0,9.0,19.0,5.0,18.0,0.0,0.0,2.0,19.0,0.0,7.0,0.0,0.0,19.0,0.0,,,,,,,,,,,0.0,0.0,0.0,40.0,0.0,0.0,1.0,1.0,0.0,1.0,1.0,1.0,1.0,1.0,1.0,1.0,1.0,1.0,1.0,1.0,,,,,,,,,,,0.0,3.0,9.0,12.0,11023.0,35.0,2660.0,21.0,22.0,295930000.0,17.0,296470000.0,56.0,50.0,2781.0,331.0,4564.0,20.0,21.0,24.0,,,,,,,,,,,0.0,-9.223372036854775e+18,-9.223372036854775e+18
1737581610000,1.0,6.0,19.0,20.0,0.0,18.0,11.0,12.0,19.0,0.0,2.0,19.0,20.0,19.0,12.0,13.0,14.0,,,,,,,,,,,1.0,0.0,0.0,17.0,1.0,1.0,1.0,1.0,1.0,1.0,1.0,1.0,0.0,1.0,1.0,1.0,1.0,1.0,1.0,1.0,,,,,,,,,,,0.0,1.0,1.0,0.0,25.0,38.0,72.0,22.0,104.0,54.0,54.0,18.0,124.0,55.0,17.0,54.0,18.0,67.0,53.0,5062.0,,,,,,,,,,,0.0,-9.223372036854775e+18,-9.223372036854775e+18
1737581615000,9.0,17.0,0.0,13.0,6.0,5.0,0.0,0.0,0.0,17.0,19.0,0.0,11.0,0.0,0.0,19.0,6.0,,,,,,,,,,,1.0,0.0,0.0,40.0,1.0,1.0,1.0,1.0,1.0,1.0,1.0,0.0,1.0,1.0,0.0,1.0,0.0,1.0,1.0,1.0,,,,,,,,,,,0.0,9.0,9.0,0.0,3610.0,19.0,25.0,557.0,24.0,3148.0,25.0,18.0,25.0,18.0,19.0,25.0,3107.0,25.0,250.0,53.0,,,,,,,,,,,0.0,-9.223372036854775e+18,-9.223372036854775e+18
1737581620000,1.0,9.0,19.0,19.0,0.0,19.0,18.0,19.0,18.0,0.0,0.0,19.0,19.0,13.0,19.0,5.0,20.0,,,,,,,,,,,37.0,0.0,0.0,19.0,1.0,1.0,1.0,1.0,1.0,2.0,1.0,1.0,1.0,0.0,1.0,1.0,1.0,1.0,1.0,1.0,,,,,,,,,,,0.0,1.0,1.0,0.0,76387.0,16.0,67.0,1401.0,54.0,66.0,61.0,57.0,18.0,59.0,60.0,54.0,29.0,149.0,200.0,16.0,,,,,,,,,,,0.0,-9.223372036854775e+18,-9.223372036854775e+18
1737581625000,3.0,8.0,19.0,7.0,0.0,6.0,19.0,19.0,19.0,0.0,3.0,19.0,6.0,19.0,19.0,12.0,0.0,,,,,,,,,,,0.0,0.0,0.0,18.0,0.0,1.0,1.0,1.0,1.0,3.0,1.0,1.0,1.0,1.0,1.0,1.0,1.0,1.0,1.0,0.0,,,,,,,,,,,0.0,6.0,7.0,9.0,4147.0,338.0,18.0,22.0,21.0,52.0,54.0,57.0,25.0,56.0,102.0,20.0,100.0,54.0,52.0,101.0,,,,,,,,,,,0.0,-9.223372036854775e+18,-9.223372036854775e+18
1737581630000,,,,0.0,3.0,0.0,,,5.0,,0.0,5.0,0.0,5.0,,,19.0,,,,,,,,,,,,,,,,,1.0,1.0,1.0,,,1.0,,1.0,1.0,1.0,1.0,,,1.0,,,,,,,,,,,,,,,,,4185.0,88941000.0,24.0,,,463328.0,,2942.0,463328.0,29647000.0,25.0,,,50.0,,,,,,,,,,,,,
1737581655000,1.0,2.0,0.0,0.0,,0.0,0.0,0.0,,0.0,0.0,0.0,0.0,0.0,,0.0,0.0,,0.0,0.0,0.0,0.0,,0.0,,,,0.0,0.0,0.0,26.0,0.0,0.0,0.0,,0.0,0.0,0.0,,0.0,0.0,0.0,0.0,0.0,,0.0,0.0,,0.0,0.0,0.0,0.0,,0.0,,,,0.0,1.0,1.0,19.0,822.0,0.0,13313000.0,,801351.0,0.0,0.0,,0.0,0.0,0.0,1411857.0,29647000.0,,16263000.0,0.0,,0.0,0.0,0.0,0.0,,0.0,,,,74.0,-9.223372036854775e+18,-9.223372036854775e+18
1737581660000,1.0,2.0,0.0,0.0,0.0,0.0,0.0,0.0,0.0,0.0,0.0,0.0,0.0,0.0,0.0,0.0,0.0,0.0,0.0,0.0,0.0,1.0,0.0,0.0,0.0,0.0,0.0,0.0,0.0,0.0,26.0,0.0,0.0,0.0,0.0,0.0,0.0,0.0,0.0,0.0,0.0,0.0,0.0,0.0,0.0,0.0,0.0,0.0,0.0,0.0,0.0,0.0,0.0,0.0,0.0,0.0,0.0,0.0,1.0,1.0,1.0,173.0,289.0,160.0,646.0,292.0,334.0,263.0,714.0,407.0,370.0,200.0,133.0,342.0,589.0,239.0,351.0,444.0,173.0,322.0,791.0,210.0,903.0,313.0,336.0,1165.0,549.0,16.0,-9.223372036854775e+18,-9.223372036854775e+18
1737581665000,6.0,13.0,0.0,0.0,0.0,0.0,0.0,4.0,0.0,0.0,0.0,0.0,0.0,0.0,0.0,0.0,0.0,0.0,0.0,0.0,0.0,4.0,0.0,0.0,17.0,0.0,9.0,56.0,0.0,0.0,31.0,0.0,1.0,0.0,0.0,0.0,1.0,12.0,0.0,1.0,1.0,5.0,0.0,0.0,0.0,0.0,1.0,0.0,0.0,1.0,1.0,15.0,0.0,0.0,6.0,0.0,1.0,0.0,4.0,4.0,23.0,839.0,59.0,171.0,221.0,203.0,177.0,29647000.0,236.0,412.0,113.0,44439.0,252.0,112.0,200.0,180.0,271.0,149.0,187.0,1344.0,96.0,463328.0,220.0,217.0,202.0,201.0,206.0,31.0,-9.223372036854775e+18,-9.223372036854775e+18
1737581670000,1.0,3.0,14.0,0.0,0.0,9.0,0.0,0.0,0.0,0.0,6.0,0.0,0.0,5.0,0.0,0.0,0.0,0.0,0.0,17.0,11.0,0.0,0.0,9.0,0.0,0.0,0.0,50.0,0.0,0.0,26.0,1.0,9.0,1.0,1.0,5.0,8.0,1.0,1.0,1.0,8.0,2.0,1.0,6.0,2.0,1.0,1.0,1.0,1.0,7.0,2.0,1.0,4.0,5.0,1.0,1.0,1.0,0.0,1.0,1.0,0.0,146.0,26823000.0,86.0,8017.0,194.0,205681000.0,201.0,63.0,102.0,666.0,228.0,115.0,2135.0,296470000.0,84.0,7837.0,193.0,86.0,26823000.0,26823000.0,113.0,296470000.0,226.0,26823000.0,197.0,29647000.0,0.0,-9.223372036854775e+18,-9.223372036854775e+18
1737581675000,1.0,5.0,0.0,0.0,0.0,0.0,4.0,0.0,0.0,6.0,1.0,9.0,0.0,8.0,0.0,0.0,6.0,4.0,0.0,3.0,0.0,0.0,0.0,18.0,0.0,0.0,0.0,0.0,0.0,0.0,29.0,0.0,1.0,1.0,1.0,1.0,1.0,1.0,0.0,1.0,1.0,1.0,1.0,1.0,1.0,1.0,1.0,2.0,1.0,1.0,1.0,1.0,1.0,1.0,1.0,0.0,3.0,0.0,1.0,1.0,0.0,1807.0,138.0,446.0,87.0,7117.0,201.0,207529000.0,66.0,201.0,141.0,50.0,114.0,7052.0,81.0,255.0,201.0,87.0,100.0,172.0,105.0,2887.0,85.0,66.0,75.0,217.0,39699.0,0.0,-9.223372036854775e+18,-9.223372036854775e+18
1737581680000,2.0,5.0,0.0,0.0,14.0,14.0,0.0,10.0,16.0,0.0,0.0,1.0,0.0,6.0,10.0,0.0,0.0,1.0,0.0,0.0,0.0,15.0,11.0,14.0,15.0,0.0,8.0,58.0,0.0,0.0,29.0,3.0,1.0,0.0,1.0,9.0,1.0,1.0,6.0,1.0,1.0,1.0,0.0,4.0,8.0,0.0,1.0,1.0,0.0,1.0,1.0,1.0,6.0,8.0,5.0,1.0,1.0,0.0,1.0,1.0,0.0,893.0,100.0,50.0,100.0,38.0,101.0,100.0,100.0,100.0,296470000.0,3167.0,103.0,54.0,100.0,45.0,86.0,260.0,52.0,101.0,98.0,98.0,100.0,40.0,137.0,86.0,141.0,191.0,-9.223372036854775e+18,-9.223372036854775e+18
1737581685000,1.0,9.0,6.0,6.0,0.0,0.0,10.0,0.0,0.0,15.0,0.0,12.0,10.0,3.0,0.0,0.0,16.0,8.0,0.0,10.0,4.0,0.0,0.0,0.0,0.0,1.0,0.0,55.0,0.0,0.0,33.0,1.0,2.0,3.0,1.0,1.0,1.0,0.0,1.0,1.0,1.0,6.0,5.0,3.0,1.0,1.0,2.0,8.0,1.0,1.0,1.0,0.0,1.0,1.0,1.0,1.0,1.0,0.0,1.0,1.0,0.0,1932.0,100.0,172.0,57.0,266823000.0,89.0,57.0,136.0,100.0,116.0,95.0,184.0,266823000.0,59.0,184.0,100.0,106.0,169.0,72.0,102.0,56.0,58.0,296470000.0,42.0,86.0,6726.0,200.0,-9.223372036854775e+18,-9.223372036854775e+18
1737581690000,1.0,7.0,0.0,9.0,5.0,0.0,0.0,0.0,5.0,3.0,0.0,15.0,0.0,6.0,0.0,7.0,0.0,0.0,8.0,3.0,0.0,0.0,0.0,0.0,0.0,16.0,10.0,1.0,0.0,0.0,30.0,1.0,0.0,1.0,1.0,1.0,0.0,0.0,1.0,0.0,0.0,4.0,1.0,3.0,1.0,1.0,0.0,4.0,1.0,0.0,0.0,0.0,1.0,1.0,2.0,5.0,2.0,0.0,1.0,1.0,2.0,926.0,3841.0,3077.0,89.0,40.0,3590.0,100.0,146.0,320.0,3929.0,89.0,2865.0,6229.0,106.0,26.0,350.0,4058.0,106.0,302.0,3035.0,90.0,172.0,40.0,4156.0,173.0,45.0,5.0,-9.223372036854775e+18,-9.223372036854775e+18
1737581695000,9.0,15.0,0.0,5.0,0.0,9.0,0.0,0.0,0.0,1.0,0.0,0.0,16.0,5.0,0.0,14.0,1.0,0.0,0.0,0.0,0.0,0.0,0.0,7.0,19.0,0.0,11.0,11.0,0.0,0.0,61.0,1.0,1.0,1.0,1.0,5.0,1.0,1.0,0.0,1.0,1.0,1.0,2.0,1.0,1.0,1.0,1.0,0.0,1.0,1.0,1.0,1.0,1.0,5.0,3.0,0.0,1.0,0.0,1.0,9.0,10.0,7403.0,42.0,40.0,936.0,84.0,184.0,3261.0,1051.0,109.0,2483.0,78.0,40.0,95.0,52.0,3644.0,136.0,46.0,40.0,103.0,47.0,2336.0,2741.0,95.0,361.0,43.0,414.0,17.0,-9.223372036854775e+18,-9.223372036854775e+18
1737581700000,1.0,12.0,3.0,7.0,4.0,17.0,0.0,14.0,3.0,0.0,19.0,4.0,11.0,11.0,0.0,0.0,0.0,19.0,0.0,0.0,0.0,19.0,0.0,17.0,11.0,13.0,4.0,53.0,0.0,0.0,54.0,0.0,1.0,2.0,1.0,8.0,1.0,1.0,3.0,1.0,4.0,1.0,3.0,6.0,0.0,0.0,1.0,11.0,0.0,1.0,1.0,1.0,0.0,9.0,2.0,14.0,1.0,0.0,1.0,1.0,0.0,1731.0,6752.0,142.0,100.0,35.0,40.0,161.0,40.0,201.0,28.0,33.0,50.0,5961.0,100.0,78.0,201.0,6413.0,75.0,209.0,47.0,201.0,100.0,4982.0,31.0,89.0,622.0,433.0,-9.223372036854775e+18,-9.223372036854775e+18
1737581705000,1.0,3.0,1.0,0.0,1.0,3.0,0.0,7.0,2.0,0.0,1.0,0.0,0.0,0.0,0.0,15.0,0.0,0.0,0.0,0.0,0.0,7.0,0.0,2.0,8.0,16.0,0.0,1.0,0.0,0.0,27.0,1.0,1.0,1.0,1.0,1.0,1.0,5.0,1.0,1.0,4.0,0.0,1.0,0.0,1.0,7.0,1.0,1.0,1.0,1.0,1.0,1.0,1.0,1.0,4.0,3.0,1.0,0.0,1.0,1.0,0.0,25.0,2748.0,8410.0,100.0,108.0,41.0,96.0,100.0,91.0,2680.0,127.0,89.0,100.0,120.0,12128318.0,100.0,5695.0,8301160.0,39.0,1969.0,100.0,132.0,111.0,100.0,100.0,100.0,0.0,-9.223372036854775e+18,-9.223372036854775e+18
1737581710000,1.0,2.0,0.0,0.0,0.0,0.0,0.0,3.0,1.0,0.0,6.0,0.0,0.0,0.0,0.0,11.0,0.0,18.0,10.0,0.0,0.0,8.0,0.0,0.0,6.0,9.0,0.0,1.0,0.0,0.0,26.0,1.0,0.0,4.0,1.0,1.0,0.0,1.0,1.0,0.0,12.0,6.0,1.0,1.0,1.0,6.0,0.0,11.0,4.0,0.0,0.0,1.0,1.0,1.0,6.0,11.0,1.0,0.0,1.0,1.0,3.0,38561.0,1638.0,3273.0,42.0,89.0,425.0,97.0,15215.0,40.0,144.0,5149.0,45.0,59.0,40.0,96.0,332.0,5018.0,89.0,841.0,1668.0,101.0,4827.0,91.0,159.0,41.0,156.0,0.0,-9.223372036854775e+18,-9.223372036854775e+18
1737581715000,2.0,16.0,7.0,10.0,0.0,0.0,13.0,0.0,0.0,16.0,0.0,13.0,14.0,0.0,0.0,0.0,16.0,8.0,0.0,13.0,5.0,0.0,0.0,0.0,0.0,1.0,0.0,1.0,0.0,0.0,61.0,1.0,2.0,1.0,1.0,1.0,5.0,1.0,0.0,6.0,1.0,8.0,1.0,7.0,1.0,1.0,7.0,1.0,1.0,8.0,1.0,1.0,1.0,4.0,1.0,1.0,1.0,0.0,1.0,2.0,0.0,23.0,137.0,87.0,3932.0,4489.0,320.0,59.0,6088.0,243.0,112.0,89.0,88.0,4883.0,59.0,105.0,261.0,88330.0,90.0,201.0,227.0,101.0,3072.0,2981.0,43.0,91882.0,2278.0,0.0,-9.223372036854775e+18,-9.223372036854775e+18
1737581720000,1.0,4.0,18.0,0.0,0.0,0.0,0.0,6.0,2.0,0.0,9.0,0.0,0.0,0.0,0.0,10.0,0.0,16.0,11.0,0.0,16.0,7.0,0.0,0.0,2.0,10.0,0.0,1.0,0.0,0.0,26.0,1.0,12.0,1.0,1.0,0.0,1.0,1.0,1.0,1.0,2.0,1.0,1.0,0.0,0.0,10.0,1.0,10.0,12.0,1.0,10.0,1.0,0.0,0.0,1.0,12.0,1.0,0.0,1.0,1.0,1.0,4600.0,136.0,4897.0,56.0,43.0,296470000.0,162.0,147.0,45.0,100.0,8586.0,34.0,48.0,58.0,165.0,24090.0,2985.0,155.0,5458.0,162.0,105.0,56.0,42.0,100.0,50.0,183.0,0.0,-9.223372036854775e+18,-9.223372036854775e+18
1737581725000,2.0,9.0,15.0,3.0,0.0,0.0,19.0,1.0,0.0,19.0,6.0,18.0,0.0,0.0,0.0,12.0,2.0,13.0,11.0,19.0,11.0,4.0,12.0,0.0,0.0,6.0,0.0,1.0,0.0,0.0,30.0,1.0,11.0,7.0,1.0,1.0,12.0,1.0,1.0,8.0,1.0,15.0,1.0,1.0,1.0,9.0,5.0,4.0,7.0,11.0,6.0,1.0,1.0,1.0,1.0,4.0,1.0,0.0,1.0,1.0,5.0,989.0,69.0,296470000.0,3374.0,44.0,3325.0,67.0,3275.0,100.0,100.0,721.0,296470000.0,50.0,3982.0,100.0,296470000.0,33.0,100.0,101.0,101.0,452.0,3810.0,39.0,100.0,36.0,50.0,0.0,-9.223372036854775e+18,-9.223372036854775e+18
1737581730000,9.0,17.0,14.0,10.0,19.0,19.0,17.0,0.0,19.0,17.0,4.0,7.0,14.0,15.0,16.0,0.0,18.0,3.0,0.0,7.0,10.0,0.0,16.0,19.0,0.0,0.0,0.0,1.0,0.0,0.0,35.0,1.0,1.0,1.0,11.0,9.0,1.0,1.0,11.0,4.0,1.0,2.0,1.0,14.0,11.0,1.0,5.0,1.0,1.0,2.0,1.0,1.0,10.0,12.0,0.0,1.0,1.0,0.0,1.0,9.0,3.0,868.0,55.0,145.0,4886.0,176.0,52.0,104.0,3571.0,69.0,63.0,86.0,138.0,3440.0,100.0,152.0,60.0,100.0,166.0,2673.0,82.0,199.0,100.0,296470000.0,56.0,28.0,2795.0,58.0,-9.223372036854775e+18,-9.223372036854775e+18
1737581735000,9.0,14.0,0.0,7.0,15.0,17.0,0.0,0.0,22.0,3.0,0.0,4.0,12.0,10.0,12.0,0.0,3.0,0.0,0.0,0.0,0.0,19.0,10.0,14.0,0.0,0.0,13.0,1.0,0.0,0.0,61.0,1.0,1.0,1.0,4.0,1.0,1.0,1.0,9.0,1.0,1.0,1.0,1.0,1.0,2.0,1.0,1.0,0.0,1.0,1.0,1.0,1.0,1.0,1.0,9.0,0.0,1.0,0.0,1.0,9.0,28.0,1008.0,38.0,117.0,100.0,39.0,127.0,5297.0,74.0,104.0,50.0,39.0,126.0,8536.0,100.0,110.0,92.0,109.0,128.0,101.0,49.0,100.0,95.0,132.0,1814.0,7651.0,67.0,0.0,-9.223372036854775e+18,-9.223372036854775e+18
1737581740000,1.0,5.0,0.0,7.0,9.0,19.0,0.0,7.0,11.0,0.0,0.0,19.0,11.0,19.0,5.0,0.0,0.0,0.0,0.0,0.0,0.0,10.0,5.0,19.0,10.0,0.0,3.0,59.0,0.0,0.0,27.0,2.0,1.0,1.0,2.0,1.0,1.0,2.0,1.0,1.0,4.0,1.0,2.0,1.0,3.0,0.0,1.0,1.0,0.0,1.0,1.0,5.0,1.0,1.0,5.0,1.0,1.0,0.0,1.0,1.0,0.0,596.0,52.0,55.0,80.0,87.0,32.0,100.0,80.0,33.0,5818.0,88.0,57.0,100.0,84.0,12306.0,115.0,67.0,11487.0,33.0,55.0,90.0,83.0,100.0,152.0,3948.0,198.0,130.0,-9.223372036854775e+18,-9.223372036854775e+18
1737581745000,1.0,2.0,0.0,0.0,1.0,5.0,0.0,8.0,3.0,0.0,0.0,0.0,0.0,0.0,0.0,19.0,0.0,0.0,0.0,0.0,0.0,8.0,0.0,3.0,16.0,15.0,8.0,1.0,0.0,0.0,27.0,1.0,1.0,1.0,1.0,1.0,1.0,9.0,1.0,1.0,1.0,0.0,1.0,0.0,1.0,6.0,1.0,6.0,5.0,1.0,1.0,9.0,1.0,3.0,15.0,6.0,6.0,0.0,1.0,1.0,0.0,21.0,44.0,46.0,90.0,67.0,204.0,101.0,90.0,101.0,5931.0,73.0,107.0,148.0,95.0,100.0,86.0,5912.0,3158.0,482.0,51.0,90.0,67.0,67.0,36.0,100.0,50.0,6.0,-9.223372036854775e+18,-9.223372036854775e+18
1737581750000,1.0,2.0,17.0,0.0,0.0,0.0,19.0,1.0,0.0,0.0,8.0,0.0,0.0,0.0,0.0,12.0,18.0,18.0,11.0,19.0,10.0,2.0,0.0,0.0,0.0,10.0,0.0,1.0,0.0,0.0,26.0,1.0,1.0,1.0,1.0,1.0,3.0,1.0,1.0,1.0,1.0,1.0,1.0,1.0,1.0,9.0,2.0,6.0,9.0,5.0,1.0,1.0,1.0,1.0,0.0,5.0,1.0,0.0,1.0,1.0,1.0,716.0,477.0,3500.0,41.0,35.0,393.0,185.0,40.0,4655.0,424.0,9634086.0,45.0,42.0,37.0,160.0,5257.0,33.0,218.0,648.0,314.0,242.0,3627.0,117.0,90.0,40.0,188.0,0.0,-9.223372036854775e+18,-9.223372036854775e+18
1737581755000,9.0,22.0,7.0,0.0,0.0,0.0,0.0,4.0,0.0,0.0,7.0,0.0,0.0,0.0,0.0,18.0,0.0,15.0,16.0,0.0,12.0,8.0,0.0,0.0,0.0,7.0,0.0,1.0,0.0,0.0,36.0,1.0,1.0,1.0,1.0,1.0,1.0,2.0,0.0,1.0,1.0,5.0,1.0,1.0,1.0,13.0,1.0,1.0,13.0,1.0,3.0,4.0,1.0,1.0,1.0,1.0,1.0,0.0,9.0,9.0,34.0,326117000.0,177882000.0,5211.0,40.0,100.0,221976000.0,100.0,39.0,39.0,289.0,4935.0,29.0,150.0,2058.0,99.0,266823000.0,46.0,100.0,177882000.0,227.0,28.0,2281.0,124.0,290.0,286.0,40.0,4.0,-9.223372036854775e+18,-9.223372036854775e+18
1737581760000,9.0,18.0,18.0,19.0,0.0,0.0,0.0,4.0,0.0,0.0,9.0,0.0,0.0,0.0,0.0,14.0,0.0,12.0,13.0,0.0,15.0,8.0,0.0,0.0,2.0,5.0,0.0,1.0,0.0,0.0,35.0,1.0,1.0,1.0,0.0,0.0,1.0,1.0,0.0,1.0,2.0,1.0,1.0,1.0,0.0,1.0,1.0,1.0,1.0,1.0,1.0,1.0,0.0,0.0,1.0,1.0,1.0,0.0,1.0,9.0,9.0,333.0,100.0,29647000.0,67.0,188.0,8965.0,333202.0,50.0,35113.0,100.0,3301.0,2752.0,117.0,50.0,179.0,54.0,87.0,29647000.0,8819.0,100.0,463328.0,97.0,84.0,101.0,84.0,45.0,0.0,-9.223372036854775e+18,-9.223372036854775e+18
1737581765000,1.0,8.0,7.0,2.0,19.0,0.0,12.0,0.0,19.0,15.0,0.0,11.0,7.0,17.0,14.0,0.0,16.0,3.0,0.0,10.0,3.0,0.0,15.0,1.0,0.0,0.0,15.0,56.0,0.0,0.0,30.0,2.0,2.0,1.0,10.0,4.0,1.0,0.0,1.0,6.0,1.0,7.0,2.0,10.0,12.0,1.0,4.0,1.0,1.0,1.0,1.0,0.0,7.0,4.0,1.0,1.0,9.0,0.0,1.0,1.0,0.0,1542.0,108.0,156.0,118.0,6076.0,103.0,124.0,202.0,121.0,115.0,100.0,27.0,4410.0,262.0,181.0,106.0,100.0,32.0,104.0,116.0,91.0,940.0,5496.0,40.0,50.0,2861.0,172.0,-9.223372036854775e+18,-9.223372036854775e+18
1737581770000,1.0,11.0,6.0,3.0,10.0,13.0,0.0,16.0,11.0,3.0,0.0,0.0,8.0,7.0,7.0,0.0,3.0,1.0,0.0,0.0,0.0,0.0,5.0,11.0,14.0,20.0,7.0,59.0,0.0,0.0,31.0,2.0,0.0,1.0,2.0,8.0,1.0,10.0,10.0,1.0,0.0,1.0,5.0,3.0,2.0,1.0,1.0,1.0,1.0,1.0,0.0,7.0,2.0,11.0,15.0,8.0,3.0,0.0,1.0,1.0,19.0,24.0,224.0,25.0,100.0,144.0,201.0,4227.0,95.0,100.0,3640.0,150.0,89.0,169.0,94.0,36.0,100.0,6153.0,39.0,67.0,63.0,3971.0,90.0,145.0,176.0,97.0,116.0,389.0,-9.223372036854775e+18,-9.223372036854775e+18
1737581775000,9.0,10.0,0.0,1.0,8.0,11.0,0.0,0.0,13.0,2.0,0.0,0.0,4.0,5.0,3.0,0.0,2.0,0.0,0.0,0.0,0.0,0.0,2.0,10.0,13.0,0.0,6.0,43.0,0.0,0.0,61.0,2.0,1.0,1.0,2.0,4.0,1.0,1.0,4.0,1.0,1.0,1.0,1.0,4.0,2.0,1.0,1.0,0.0,1.0,1.0,1.0,1.0,1.0,9.0,6.0,0.0,1.0,0.0,1.0,9.0,1.0,909.0,48.0,131.0,101.0,102.0,32.0,3304.0,90.0,134.0,2916.0,100.0,173.0,172.0,91.0,3338.0,101.0,278.0,5931.0,100.0,67.0,4375.0,90.0,140.0,77.0,4518.0,99.0,9.0,-9.223372036854775e+18,-9.223372036854775e+18
1737581780000,2.0,14.0,12.0,19.0,4.0,0.0,18.0,0.0,4.0,0.0,3.0,17.0,19.0,1.0,0.0,13.0,0.0,0.0,14.0,13.0,10.0,2.0,0.0,0.0,0.0,15.0,0.0,1.0,0.0,0.0,35.0,1.0,9.0,10.0,1.0,0.0,10.0,1.0,1.0,6.0,2.0,2.0,12.0,1.0,1.0,2.0,6.0,4.0,2.0,9.0,4.0,1.0,0.0,0.0,1.0,14.0,1.0,0.0,1.0,7.0,2.0,344.0,100.0,29628000.0,40.0,32.0,4758.0,125.0,67.0,4668.0,90.0,9237.0,2213.0,39.0,44.0,2363.0,17531.0,5111.0,2488.0,5005.0,107.0,116.0,4514.0,30.0,100.0,54.0,197.0,263.0,-9.223372036854775e+18,-9.223372036854775e+18
1737581785000,2.0,11.0,3.0,11.0,16.0,0.0,7.0,0.0,14.0,11.0,0.0,7.0,13.0,12.0,11.0,0.0,12.0,0.0,0.0,7.0,0.0,0.0,11.0,0.0,0.0,0.0,14.0,1.0,0.0,0.0,33.0,1.0,1.0,3.0,4.0,1.0,1.0,0.0,6.0,1.0,1.0,5.0,2.0,8.0,2.0,1.0,1.0,1.0,1.0,2.0,1.0,0.0,1.0,1.0,8.0,1.0,11.0,0.0,1.0,1.0,0.0,1462.0,201.0,100.0,206.0,1133.0,176.0,48.0,266823000.0,137.0,49.0,100.0,100.0,1273.0,260.0,100.0,118.0,101.0,100.0,137.0,183.0,56.0,238.0,1137.0,4400.0,39.0,117.0,0.0,-9.223372036854775e+18,-9.223372036854775e+18
1737581790000,1.0,2.0,17.0,5.0,12.0,0.0,13.0,8.0,0.0,0.0,6.0,0.0,0.0,0.0,17.0,12.0,0.0,6.0,11.0,0.0,15.0,9.0,18.0,0.0,0.0,0.0,0.0,1.0,0.0,0.0,26.0,1.0,1.0,6.0,7.0,1.0,4.0,2.0,5.0,1.0,1.0,1.0,1.0,1.0,13.0,6.0,1.0,1.0,7.0,1.0,1.0,3.0,12.0,1.0,0.0,1.0,1.0,0.0,1.0,1.0,0.0,946.0,68.0,2842.0,6283.0,100.0,2609.0,40.0,6356.0,1748.0,86.0,78.0,37.0,91.0,38.0,100.0,2077.0,141.0,100.0,2101.0,89.0,32.0,35.0,94.0,66.0,33.0,237176000.0,0.0,-9.223372036854775e+18,-9.223372036854775e+18
1737581795000,9.0,6.0,1.0,19.0,19.0,1.0,0.0,0.0,0.0,0.0,4.0,18.0,0.0,0.0,0.0,10.0,0.0,15.0,12.0,0.0,10.0,3.0,0.0,0.0,1.0,5.0,0.0,0.0,0.0,0.0,34.0,0.0,1.0,1.0,1.0,1.0,1.0,1.0,0.0,1.0,1.0,1.0,1.0,1.0,1.0,4.0,1.0,1.0,3.0,1.0,1.0,1.0,1.0,1.0,1.0,1.0,1.0,0.0,8.0,8.0,1.0,7449.0,4794.0,92.0,4894.0,35.0,47.0,100.0,30.0,48.0,171.0,100.0,50.0,45.0,3297.0,25.0,37.0,36.0,26.0,48.0,31.0,100.0,4518.0,38.0,27.0,41.0,34.0,0.0,-9.223372036854775e+18,-9.223372036854775e+18
1737581800000,1.0,12.0,4.0,3.0,0.0,20.0,9.0,0.0,0.0,14.0,0.0,9.0,7.0,21.0,8.0,0.0,14.0,2.0,0.0,9.0,1.0,0.0,19.0,21.0,0.0,2.0,0.0,59.0,0.0,0.0,32.0,1.0,2.0,1.0,1.0,5.0,6.0,1.0,1.0,10.0,1.0,6.0,7.0,13.0,1.0,0.0,8.0,2.0,0.0,2.0,1.0,1.0,1.0,10.0,1.0,2.0,1.0,0.0,1.0,1.0,0.0,339.0,85.0,100.0,28.0,89.0,85.0,6086.0,2978.0,100.0,100.0,95.0,100.0,3150.0,2700.0,66.0,100.0,28.0,50.0,88.0,99.0,43.0,106354.0,90.0,101.0,28.0,201.0,246.0,-9.223372036854775e+18,-9.223372036854775e+18
1737581805000,1.0,7.0,0.0,0.0,7.0,3.0,0.0,9.0,7.0,2.0,19.0,0.0,0.0,0.0,3.0,19.0,1.0,0.0,19.0,0.0,0.0,7.0,1.0,3.0,13.0,0.0,5.0,35.0,0.0,0.0,28.0,1.0,1.0,1.0,4.0,1.0,1.0,10.0,7.0,1.0,10.0,0.0,1.0,0.0,1.0,11.0,1.0,1.0,13.0,1.0,1.0,8.0,1.0,1.0,5.0,5.0,1.0,0.0,1.0,1.0,1.0,1087.0,4656.0,35.0,91.0,28.0,33.0,4179.0,90.0,152.0,28.0,40.0,35.0,94.0,93.0,33.0,135.0,34.0,100.0,32.0,49.0,2656.0,91.0,100.0,100.0,296470000.0,103.0,0.0,-9.223372036854775e+18,-9.223372036854775e+18
1737581810000,1.0,15.0,16.0,12.0,0.0,19.0,19.0,0.0,0.0,19.0,9.0,14.0,15.0,19.0,0.0,0.0,19.0,17.0,0.0,18.0,12.0,1.0,0.0,19.0,3.0,9.0,0.0,1.0,0.0,0.0,40.0,1.0,13.0,1.0,1.0,9.0,13.0,1.0,1.0,12.0,5.0,9.0,1.0,14.0,1.0,1.0,14.0,3.0,1.0,11.0,12.0,1.0,1.0,7.0,0.0,7.0,1.0,0.0,1.0,1.0,0.0,19.0,488.0,184.0,100.0,13015.0,460.0,271.0,100.0,5404.0,181.0,101.0,100.0,296470000.0,44.0,188.0,5274.0,23.0,91.0,233.0,303.0,115.0,35.0,114.0,223.0,67.0,34.0,0.0,-9.223372036854775e+18,-9.223372036854775e+18
1737581815000,1.0,17.0,0.0,18.0,0.0,19.0,6.0,0.0,0.0,10.0,0.0,8.0,0.0,14.0,0.0,7.0,10.0,7.0,7.0,5.0,0.0,0.0,18.0,18.0,0.0,0.0,0.0,1.0,0.0,0.0,34.0,1.0,1.0,14.0,1.0,9.0,2.0,1.0,0.0,7.0,1.0,5.0,5.0,13.0,6.0,4.0,4.0,1.0,3.0,2.0,1.0,1.0,10.0,11.0,1.0,0.0,1.0,0.0,1.0,1.0,0.0,1016.0,133.0,4956.0,5550.0,266823000.0,27.0,43.0,45049.0,189.0,32.0,28.0,264393000.0,3432.0,4754.0,34.0,188.0,76.0,33.0,164.0,210.0,296470000.0,4685.0,4443.0,40.0,82.0,2559.0,0.0,-9.223372036854775e+18,-9.223372036854775e+18
1737581820000,1.0,16.0,8.0,4.0,16.0,0.0,12.0,0.0,1.0,15.0,0.0,12.0,0.0,21.0,12.0,11.0,14.0,2.0,10.0,12.0,2.0,0.0,12.0,0.0,0.0,0.0,0.0,1.0,0.0,0.0,33.0,1.0,1.0,6.0,1.0,0.0,2.0,1.0,1.0,3.0,1.0,7.0,1.0,1.0,2.0,1.0,3.0,1.0,1.0,3.0,1.0,1.0,4.0,0.0,1.0,1.0,1.0,0.0,1.0,1.0,0.0,571.0,100.0,2540.0,95.0,4502.0,100.0,41.0,5115.0,96.0,24.0,98.0,2506.0,128.0,98.0,63.0,24.0,97.0,60.0,114.0,147.0,39.0,96.0,5976.0,33.0,50.0,6097.0,0.0,-9.223372036854775e+18,-9.223372036854775e+18
1737581825000,1.0,3.0,18.0,0.0,0.0,0.0,0.0,4.0,0.0,0.0,8.0,19.0,0.0,0.0,0.0,15.0,0.0,12.0,15.0,0.0,16.0,6.0,20.0,0.0,2.0,4.0,0.0,4.0,0.0,0.0,27.0,1.0,3.0,1.0,1.0,1.0,1.0,1.0,1.0,1.0,1.0,2.0,1.0,1.0,7.0,6.0,1.0,11.0,8.0,1.0,2.0,1.0,10.0,1.0,1.0,4.0,1.0,0.0,1.0,1.0,2.0,1203.0,101.0,266823000.0,6411.0,47.0,7154.0,1209.0,6063.0,35.0,115.0,54.0,41.0,48.0,3043.0,100.0,34.0,33.0,92.0,5108.0,151.0,179.0,100.0,33.0,100.0,34.0,54.0,0.0,-9.223372036854775e+18,-9.223372036854775e+18
1737581830000,3.0,6.0,0.0,0.0,0.0,0.0,0.0,8.0,1.0,0.0,0.0,0.0,0.0,0.0,0.0,11.0,0.0,0.0,11.0,0.0,0.0,9.0,0.0,0.0,10.0,11.0,4.0,48.0,0.0,0.0,28.0,1.0,0.0,1.0,1.0,1.0,0.0,4.0,1.0,0.0,0.0,1.0,1.0,1.0,1.0,1.0,0.0,1.0,1.0,0.0,0.0,1.0,1.0,1.0,12.0,2.0,1.0,0.0,1.0,1.0,0.0,3714.0,1652.0,3703.0,33.0,100.0,238.0,100.0,33.0,3052.0,1773.0,43.0,35.0,98.0,34.0,86.0,48.0,8964.0,100.0,256.0,67.0,47.0,6572.0,100.0,33.0,33.0,123.0,13.0,-9.223372036854775e+18,-9.223372036854775e+18
1737581835000,9.0,11.0,18.0,6.0,0.0,8.0,0.0,8.0,0.0,0.0,12.0,0.0,12.0,3.0,0.0,0.0,0.0,12.0,0.0,0.0,14.0,10.0,0.0,8.0,3.0,6.0,0.0,58.0,0.0,0.0,61.0,2.0,4.0,1.0,1.0,9.0,1.0,1.0,0.0,1.0,10.0,1.0,1.0,3.0,1.0,1.0,1.0,2.0,1.0,1.0,9.0,1.0,1.0,6.0,3.0,3.0,1.0,0.0,1.0,9.0,27.0,930.0,121.0,33.0,88.0,35.0,40.0,122.0,101.0,39.0,5762.0,32.0,34.0,41.0,42.0,33.0,40.0,414.0,33.0,42.0,4170.0,25.0,39.0,39.0,119.0,259.0,48.0,122.0,-9.223372036854775e+18,-9.223372036854775e+18
1737581840000,1.0,15.0,1.0,16.0,7.0,22.0,7.0,0.0,8.0,11.0,0.0,7.0,0.0,14.0,4.0,8.0,9.0,0.0,7.0,7.0,0.0,0.0,2.0,0.0,14.0,17.0,8.0,1.0,0.0,0.0,34.0,1.0,1.0,1.0,5.0,1.0,1.0,1.0,7.0,4.0,1.0,1.0,5.0,3.0,4.0,1.0,5.0,1.0,1.0,1.0,1.0,1.0,1.0,0.0,4.0,9.0,1.0,0.0,1.0,1.0,0.0,848.0,7870.0,130.0,33.0,100.0,38.0,46.0,92.0,6061.0,207529000.0,87.0,3686.0,131.0,101.0,73.0,23008.0,41.0,154.0,4600.0,42.0,35.0,100.0,5361.0,117.0,100.0,128.0,0.0,-9.223372036854775e+18,-9.223372036854775e+18
1737581845000,1.0,11.0,6.0,6.0,17.0,20.0,11.0,0.0,19.0,14.0,0.0,9.0,9.0,14.0,14.0,0.0,14.0,1.0,0.0,12.0,2.0,6.0,12.0,19.0,0.0,0.0,0.0,56.0,0.0,0.0,31.0,2.0,1.0,1.0,10.0,11.0,5.0,0.0,12.0,7.0,1.0,6.0,5.0,14.0,10.0,1.0,6.0,1.0,1.0,5.0,1.0,0.0,4.0,10.0,1.0,1.0,1.0,0.0,1.0,1.0,0.0,1930.0,112.0,88.0,116.0,1467.0,25.0,57.0,8745.0,121.0,123.0,67.0,100.0,4947.0,121.0,87.0,116.0,116.0,177.0,118.0,130.0,92.0,29.0,5565.0,33.0,46.0,2656.0,218.0,-9.223372036854775e+18,-9.223372036854775e+18
1737581850000,1.0,15.0,7.0,12.0,13.0,0.0,9.0,0.0,0.0,13.0,0.0,8.0,15.0,15.0,5.0,1.0,12.0,0.0,0.0,9.0,3.0,0.0,9.0,0.0,0.0,1.0,10.0,1.0,0.0,0.0,32.0,1.0,1.0,7.0,9.0,2.0,6.0,1.0,7.0,2.0,0.0,3.0,14.0,11.0,5.0,1.0,8.0,1.0,1.0,6.0,1.0,1.0,4.0,4.0,5.0,1.0,1.0,0.0,1.0,1.0,0.0,25.0,75.0,70.0,33.0,237176000.0,134.0,33.0,2180.0,122.0,144.0,101.0,107.0,3324.0,1592.0,186.0,313.0,77.0,103.0,162.0,56.0,40.0,38.0,2284.0,5110.0,50.0,100.0,57.0,-9.223372036854775e+18,-9.223372036854775e+18
1737581855000,9.0,4.0,17.0,0.0,0.0,1.0,0.0,3.0,0.0,0.0,4.0,1.0,0.0,0.0,0.0,14.0,0.0,15.0,13.0,0.0,12.0,7.0,17.0,0.0,0.0,5.0,0.0,0.0,0.0,0.0,60.0,0.0,8.0,1.0,1.0,1.0,4.0,1.0,0.0,1.0,1.0,6.0,1.0,1.0,1.0,9.0,1.0,1.0,9.0,3.0,7.0,1.0,1.0,1.0,1.0,1.0,1.0,0.0,7.0,9.0,0.0,738.0,129.0,5673.0,860.0,147.0,266823000.0,122.0,2717.0,7395.0,32.0,5903.0,37.0,127.0,3023.0,100.0,7377.0,59.0,116.0,266823000.0,190.0,135.0,41.0,108.0,107.0,62.0,43.0,1.0,-9.223372036854775e+18,-9.223372036854775e+18
1737581860000,1.0,17.0,18.0,19.0,19.0,0.0,0.0,11.0,0.0,0.0,8.0,0.0,0.0,0.0,9.0,14.0,0.0,4.0,13.0,0.0,15.0,12.0,18.0,0.0,0.0,0.0,0.0,1.0,0.0,0.0,34.0,1.0,13.0,10.0,1.0,0.0,1.0,2.0,1.0,1.0,2.0,1.0,5.0,0.0,2.0,4.0,1.0,1.0,3.0,1.0,10.0,2.0,1.0,0.0,1.0,1.0,1.0,0.0,1.0,1.0,0.0,37354.0,40.0,4932.0,2334.0,94.0,6793.0,39.0,2625.0,31.0,40.0,33.0,4842.0,95.0,2161.0,374.0,2677.0,97.0,375.0,849.0,50.0,33.0,441.0,91.0,40.0,100.0,3140.0,0.0,-9.223372036854775e+18,-9.223372036854775e+18
1737581865000,1.0,4.0,13.0,1.0,0.0,7.0,20.0,6.0,1.0,0.0,5.0,2.0,0.0,2.0,0.0,0.0,0.0,9.0,0.0,0.0,11.0,10.0,0.0,8.0,0.0,1.0,0.0,53.0,0.0,0.0,27.0,2.0,3.0,1.0,1.0,7.0,1.0,1.0,1.0,1.0,1.0,9.0,1.0,4.0,1.0,1.0,1.0,4.0,1.0,1.0,1.0,1.0,1.0,4.0,1.0,1.0,1.0,0.0,1.0,1.0,0.0,744.0,125.0,100.0,50.0,4182.0,118.0,474.0,50.0,2594.0,120.0,5134.0,96.0,5967.0,3561.0,266823000.0,2457.0,100.0,60.0,3477.0,122.0,343.0,4097.0,5998.0,120.0,84.0,50.0,0.0,-9.223372036854775e+18,-9.223372036854775e+18
1737581870000,6.0,11.0,0.0,5.0,0.0,13.0,1.0,0.0,1.0,3.0,0.0,1.0,9.0,7.0,0.0,0.0,3.0,0.0,0.0,1.0,0.0,0.0,0.0,11.0,12.0,11.0,7.0,58.0,0.0,0.0,32.0,2.0,0.0,1.0,1.0,4.0,1.0,4.0,1.0,1.0,0.0,1.0,1.0,2.0,1.0,1.0,1.0,1.0,1.0,1.0,0.0,1.0,1.0,6.0,12.0,2.0,1.0,0.0,1.0,1.0,0.0,25.0,142.0,119.0,33.0,100.0,220.0,2633.0,33.0,44.0,2220.0,165.0,100.0,100.0,34.0,37.0,45.0,3156.0,35.0,44.0,58.0,5237.0,39.0,151.0,37.0,33.0,33.0,37.0,-9.223372036854775e+18,-9.223372036854775e+18
1737581875000,9.0,6.0,5.0,4.0,15.0,0.0,11.0,0.0,16.0,14.0,0.0,15.0,0.0,0.0,9.0,12.0,14.0,0.0,11.0,11.0,3.0,3.0,8.0,0.0,20.0,0.0,13.0,0.0,0.0,0.0,60.0,0.0,1.0,8.0,1.0,1.0,1.0,1.0,3.0,1.0,1.0,1.0,1.0,1.0,3.0,6.0,1.0,0.0,6.0,3.0,1.0,1.0,2.0,1.0,1.0,0.0,1.0,0.0,6.0,9.0,8.0,1107.0,101.0,5453.0,35.0,33.0,38.0,37.0,3266.0,124.0,4935.0,5571.0,33.0,43.0,4732.0,120.0,115.0,142.0,120.0,38.0,32.0,296470000.0,35.0,37.0,133.0,59.0,93.0,0.0,-9.223372036854775e+18,-9.223372036854775e+18
1737581880000,1.0,5.0,7.0,0.0,0.0,0.0,12.0,0.0,0.0,14.0,0.0,19.0,0.0,0.0,0.0,11.0,13.0,6.0,11.0,11.0,2.0,3.0,14.0,0.0,0.0,0.0,0.0,25.0,0.0,0.0,27.0,1.0,1.0,1.0,4.0,0.0,5.0,1.0,1.0,7.0,1.0,11.0,1.0,1.0,7.0,1.0,7.0,1.0,1.0,5.0,1.0,1.0,8.0,0.0,1.0,1.0,1.0,0.0,1.0,1.0,0.0,1995.0,101.0,2419.0,2069.0,40.0,100.0,32.0,2481.0,101.0,100.0,5541.0,33.0,50.0,2143.0,331.0,100.0,28.0,928.0,89.0,100.0,40.0,2160.0,104417.0,100.0,141.0,99.0,0.0,-9.223372036854775e+18,-9.223372036854775e+18
1737581885000,3.0,7.0,15.0,0.0,0.0,6.0,2.0,0.0,0.0,5.0,16.0,0.0,0.0,0.0,0.0,0.0,5.0,17.0,19.0,1.0,0.0,0.0,0.0,3.0,9.0,10.0,1.0,42.0,0.0,0.0,28.0,2.0,1.0,1.0,1.0,1.0,1.0,9.0,1.0,1.0,12.0,0.0,1.0,0.0,1.0,1.0,1.0,11.0,1.0,1.0,1.0,6.0,1.0,1.0,8.0,5.0,1.0,0.0,1.0,1.0,1.0,1449.0,1168.0,45.0,6706.0,100.0,38.0,2818.0,100.0,40.0,2754.0,44.0,33.0,130.0,35.0,296470000.0,4038.0,105.0,101.0,35.0,6327.0,2398.0,7498.0,31.0,33.0,101.0,103.0,15.0,-9.223372036854775e+18,-9.223372036854775e+18
1737581890000,1.0,6.0,0.0,0.0,0.0,4.0,0.0,3.0,1.0,0.0,4.0,1.0,0.0,0.0,0.0,20.0,0.0,0.0,11.0,0.0,0.0,8.0,0.0,1.0,16.0,11.0,8.0,58.0,0.0,0.0,28.0,2.0,0.0,1.0,1.0,2.0,0.0,2.0,1.0,0.0,0.0,7.0,1.0,1.0,1.0,3.0,0.0,8.0,9.0,0.0,0.0,1.0,1.0,2.0,11.0,4.0,9.0,0.0,1.0,1.0,0.0,1081.0,151.0,14503.0,103.0,36.0,47.0,94.0,96.0,1941.0,166.0,3099.0,100.0,35757.0,89.0,35.0,48.0,5623.0,3777.0,47.0,179.0,99.0,32.0,38.0,5743.0,94.0,49.0,8.0,-9.223372036854775e+18,-9.223372036854775e+18
1737581895000,1.0,6.0,12.0,0.0,0.0,0.0,17.0,0.0,0.0,0.0,3.0,18.0,6.0,0.0,0.0,11.0,0.0,11.0,10.0,17.0,9.0,3.0,0.0,1.0,0.0,5.0,0.0,1.0,0.0,0.0,28.0,0.0,11.0,1.0,1.0,1.0,3.0,1.0,0.0,5.0,5.0,11.0,1.0,1.0,1.0,3.0,7.0,1.0,1.0,8.0,1.0,1.0,1.0,1.0,1.0,1.0,1.0,0.0,1.0,1.0,0.0,5789.0,146.0,5709.0,88.0,41.0,38.0,134.0,106.0,2168.0,127.0,5276.0,38.0,42.0,36.0,88.0,3330.0,379.0,88.0,142.0,38.0,139.0,4742.0,37.0,43.0,372.0,4182.0,0.0,-9.223372036854775e+18,-9.223372036854775e+18
1737581900000,,,12.0,,0.0,7.0,5.0,7.0,0.0,0.0,4.0,0.0,,4.0,0.0,,0.0,12.0,,0.0,11.0,11.0,0.0,7.0,0.0,5.0,0.0,,,,,,1.0,,1.0,2.0,1.0,3.0,1.0,1.0,1.0,1.0,,1.0,1.0,,1.0,10.0,,1.0,1.0,3.0,1.0,5.0,1.0,1.0,1.0,,,,,,100.0,,40.0,118.0,5335.0,42.0,6356.0,3004.0,106.0,39.0,,8355.0,4394.0,,5592.0,33.0,,6247.0,120.0,33.0,4013.0,39.0,100.0,40.0,115.0,,,
1737581365000,,,,,,,,,,,,,,,,,,,,,,,,,,,,,,,,,,,,,,,,,,,,,,,,,,,,,,,,,,,,,,,,,,,,,,,,,,,,,,,,,,,,,,,,,,
1737581635000,,,,,,,,,,,,,,,,,,,,,,,,,,,,,,,,,,,,,,,,,,,,,,,,,,,,,,,,,,,,,,,,,,,,,,,,,,,,,,,,,,,,,,,,,,
1737581905000,,,,,,,,,,,,,,,,,,,,,,,,,,,,,,,,,,,,,,,,,,,,,,,,,,,,,,,,,,,,,,,,,,,,,,,,,,,,,,,,,,,,,,,,,,
