,flink_taskmanager_job_task_busyTimeMsPerSecond,flink_taskmanager_job_task_busyTimeMsPerSecond,flink_taskmanager_job_task_busyTimeMsPerSecond,flink_taskmanager_job_task_busyTimeMsPerSecond,flink_taskmanager_job_task_busyTimeMsPerSecond,flink_taskmanager_job_task_busyTimeMsPerSecond,flink_taskmanager_job_task_busyTimeMsPerSecond,flink_taskmanager_job_task_busyTimeMsPerSecond,flink_taskmanager_job_task_busyTimeMsPerSecond,flink_taskmanager_job_task_busyTimeMsPerSecond,flink_taskmanager_job_task_busyTimeMsPerSecond,flink_taskmanager_job_task_busyTimeMsPerSecond,flink_taskmanager_job_task_busyTimeMsPerSecond,flink_taskmanager_job_task_busyTimeMsPerSecond,flink_taskmanager_job_task_busyTimeMsPerSecond,flink_taskmanager_job_task_busyTimeMsPerSecond,flink_taskmanager_job_task_busyTimeMsPerSecond,flink_taskmanager_job_task_busyTimeMsPerSecond,flink_taskmanager_job_task_busyTimeMsPerSecond,flink_taskmanager_job_task_busyTimeMsPerSecond,flink_taskmanager_job_task_busyTimeMsPerSecond,flink_taskmanager_job_task_busyTimeMsPerSecond,flink_taskmanager_job_task_busyTimeMsPerSecond,flink_taskmanager_job_task_busyTimeMsPerSecond,flink_taskmanager_job_task_busyTimeMsPerSecond,flink_taskmanager_job_task_busyTimeMsPerSecond,flink_taskmanager_job_task_busyTimeMsPerSecond,flink_taskmanager_job_task_busyTimeMsPerSecond,flink_taskmanager_job_task_busyTimeMsPerSecond,flink_taskmanager_job_task_busyTimeMsPerSecond,flink_taskmanager_job_task_busyTimeMsPerSecond,flink_taskmanager_job_task_busyTimeMsPerSecond,flink_taskmanager_job_task_busyTimeMsPerSecond,flink_taskmanager_job_task_busyTimeMsPerSecond,flink_taskmanager_job_task_busyTimeMsPerSecond,flink_taskmanager_job_task_busyTimeMsPerSecond,flink_taskmanager_job_task_busyTimeMsPerSecond,flink_taskmanager_job_task_busyTimeMsPerSecond,flink_taskmanager_job_task_busyTimeMsPerSecond,flink_taskmanager_job_task_busyTimeMsPerSecond,flink_taskmanager_job_task_busyTimeMsPerSecond,flink_taskmanager_job_task_busyTimeMsPerSecond,flink_taskmanager_job_task_busyTimeMsPerSecond,flink_taskmanager_job_task_busyTimeMsPerSecond,flink_taskmanager_job_task_busyTimeMsPerSecond,flink_taskmanager_job_task_busyTimeMsPerSecond,flink_taskmanager_job_task_busyTimeMsPerSecond,flink_taskmanager_job_task_busyTimeMsPerSecond,flink_taskmanager_job_task_busyTimeMsPerSecond,flink_taskmanager_job_task_busyTimeMsPerSecond,flink_taskmanager_job_task_busyTimeMsPerSecond,flink_taskmanager_job_task_busyTimeMsPerSecond
,TumblingEventTimeWindows____Timestamps_Watermarks,TumblingEventTimeWindows____Timestamps_Watermarks,TumblingEventTimeWindows____Timestamps_Watermarks,TumblingEventTimeWindows____Timestamps_Watermarks,TumblingEventTimeWindows____Timestamps_Watermarks,TumblingEventTimeWindows____Timestamps_Watermarks,TumblingEventTimeWindows____Timestamps_Watermarks,TumblingEventTimeWindows____Timestamps_Watermarks,TumblingEventTimeWindows____Timestamps_Watermarks,TumblingEventTimeWindows____Timestamps_Watermarks,TumblingEventTimeWindows____Timestamps_Watermarks,TumblingEventTimeWindows____Timestamps_Watermarks,TumblingEventTimeWindows____Timestamps_Watermarks,TumblingEventTimeWindows____Timestamps_Watermarks,TumblingEventTimeWindows____Timestamps_Watermarks,TumblingEventTimeWindows____Timestamps_Watermarks,TumblingEventTimeWindows____Timestamps_Watermarks,TumblingEventTimeWindows____Timestamps_Watermarks,TumblingEventTimeWindows____Timestamps_Watermarks,TumblingEventTimeWindows____Timestamps_Watermarks,TumblingEventTimeWindows____Timestamps_Watermarks,TumblingEventTimeWindows____Timestamps_Watermarks,TumblingEventTimeWindows____Timestamps_Watermarks,TumblingEventTimeWindows____Timestamps_Watermarks,TumblingEventTimeWindows____Timestamps_Watermarks,TumblingEventTimeWindows____Timestamps_Watermarks,TumblingEventTimeWindows____Timestamps_Watermarks,TumblingEventTimeWindows____Timestamps_Watermarks,TumblingEventTimeWindows____Timestamps_Watermarks,TumblingEventTimeWindows____Timestamps_Watermarks,TumblingEventTimeWindows____Timestamps_Watermarks,TumblingEventTimeWindows____Timestamps_Watermarks,TumblingEventTimeWindows____Timestamps_Watermarks,TumblingEventTimeWindows____Timestamps_Watermarks,TumblingEventTimeWindows____Timestamps_Watermarks,TumblingEventTimeWindows____Timestamps_Watermarks,TumblingEventTimeWindows____Timestamps_Watermarks,TumblingEventTimeWindows____Timestamps_Watermarks,TumblingEventTimeWindows____Timestamps_Watermarks,TumblingEventTimeWindows____Timestamps_Watermarks,TumblingEventTimeWindows____Timestamps_Watermarks,TumblingEventTimeWindows____Timestamps_Watermarks,TumblingEventTimeWindows____Timestamps_Watermarks,TumblingEventTimeWindows____Timestamps_Watermarks,TumblingEventTimeWindows____Timestamps_Watermarks,TumblingEventTimeWindows____Timestamps_Watermarks,TumblingEventTimeWindows____Timestamps_Watermarks,TumblingEventTimeWindows____Timestamps_Watermarks,TumblingEventTimeWindows____Timestamps_Watermarks,TumblingEventTimeWindows____Timestamps_Watermarks,TumblingEventTimeWindows____Timestamps_Watermarks,TumblingEventTimeWindows____Timestamps_Watermarks
,0,1,2,3,4,5,6,7,8,9,10,11,12,13,14,15,16,17,18,19,20,21,22,23,24,25,26,27,28,29,30,31,32,33,34,35,36,37,38,39,40,41,42,43,44,45,46,47,48,49,50,51
Timestamp,,,,,,,,,,,,,,,,,,,,,,,,,,,,,,,,,,,,,,,,,,,,,,,,,,,,
1736794960000,1000.0,,,,,,,,,,,,,,,,,,,,,,,,,,,,,,,,,,,,,,,,,,,,,,,,,,,
1736794965000,821.0,,,,,,,,,,,,,,,,,,,,,,,,,,,,,,,,,,,,,,,,,,,,,,,,,,,
1736794970000,890.0,,,,,,,,,,,,,,,,,,,,,,,,,,,,,,,,,,,,,,,,,,,,,,,,,,,
1736794975000,927.0,,,,,,,,,,,,,,,,,,,,,,,,,,,,,,,,,,,,,,,,,,,,,,,,,,,
1736794980000,945.0,,,,,,,,,,,,,,,,,,,,,,,,,,,,,,,,,,,,,,,,,,,,,,,,,,,
1736794985000,956.0,,,,,,,,,,,,,,,,,,,,,,,,,,,,,,,,,,,,,,,,,,,,,,,,,,,
1736794990000,964.0,,,,,,,,,,,,,,,,,,,,,,,,,,,,,,,,,,,,,,,,,,,,,,,,,,,
1736794995000,969.0,,,,,,,,,,,,,,,,,,,,,,,,,,,,,,,,,,,,,,,,,,,,,,,,,,,
1736795000000,973.0,,,,,,,,,,,,,,,,,,,,,,,,,,,,,,,,,,,,,,,,,,,,,,,,,,,
1736795005000,976.0,,,,,,,,,,,,,,,,,,,,,,,,,,,,,,,,,,,,,,,,,,,,,,,,,,,
1736795010000,978.0,,,,,,,,,,,,,,,,,,,,,,,,,,,,,,,,,,,,,,,,,,,,,,,,,,,
1736795015000,980.0,,,,,,,,,,,,,,,,,,,,,,,,,,,,,,,,,,,,,,,,,,,,,,,,,,,
1736795020000,982.0,,,,,,,,,,,,,,,,,,,,,,,,,,,,,,,,,,,,,,,,,,,,,,,,,,,
1736795025000,997.0,,,,,,,,,,,,,,,,,,,,,,,,,,,,,,,,,,,,,,,,,,,,,,,,,,,
1736795030000,1000.0,,,,,,,,,,,,,,,,,,,,,,,,,,,,,,,,,,,,,,,,,,,,,,,,,,,
1736795035000,1000.0,,,,,,,,,,,,,,,,,,,,,,,,,,,,,,,,,,,,,,,,,,,,,,,,,,,
1736795040000,1000.0,,,,,,,,,,,,,,,,,,,,,,,,,,,,,,,,,,,,,,,,,,,,,,,,,,,
1736795045000,1000.0,,,,,,,,,,,,,,,,,,,,,,,,,,,,,,,,,,,,,,,,,,,,,,,,,,,
1736795050000,1000.0,,,,,,,,,,,,,,,,,,,,,,,,,,,,,,,,,,,,,,,,,,,,,,,,,,,
1736795055000,1000.0,,,,,,,,,,,,,,,,,,,,,,,,,,,,,,,,,,,,,,,,,,,,,,,,,,,
1736795060000,1000.0,,,,,,,,,,,,,,,,,,,,,,,,,,,,,,,,,,,,,,,,,,,,,,,,,,,
1736795065000,1000.0,,,,,,,,,,,,,,,,,,,,,,,,,,,,,,,,,,,,,,,,,,,,,,,,,,,
1736795070000,1000.0,,,,,,,,,,,,,,,,,,,,,,,,,,,,,,,,,,,,,,,,,,,,,,,,,,,
1736795075000,1000.0,,,,,,,,,,,,,,,,,,,,,,,,,,,,,,,,,,,,,,,,,,,,,,,,,,,
1736795080000,1000.0,,,,,,,,,,,,,,,,,,,,,,,,,,,,,,,,,,,,,,,,,,,,,,,,,,,
1736795085000,1000.0,,,,,,,,,,,,,,,,,,,,,,,,,,,,,,,,,,,,,,,,,,,,,,,,,,,
1736795090000,1000.0,,,,,,,,,,,,,,,,,,,,,,,,,,,,,,,,,,,,,,,,,,,,,,,,,,,
1736795095000,1000.0,,,,,,,,,,,,,,,,,,,,,,,,,,,,,,,,,,,,,,,,,,,,,,,,,,,
1736795100000,1000.0,,,,,,,,,,,,,,,,,,,,,,,,,,,,,,,,,,,,,,,,,,,,,,,,,,,
1736795105000,1000.0,,,,,,,,,,,,,,,,,,,,,,,,,,,,,,,,,,,,,,,,,,,,,,,,,,,
1736795110000,1000.0,,,,,,,,,,,,,,,,,,,,,,,,,,,,,,,,,,,,,,,,,,,,,,,,,,,
1736795115000,1000.0,,,,,,,,,,,,,,,,,,,,,,,,,,,,,,,,,,,,,,,,,,,,,,,,,,,
1736795120000,1000.0,,,,,,,,,,,,,,,,,,,,,,,,,,,,,,,,,,,,,,,,,,,,,,,,,,,
1736795125000,1000.0,,,,,,,,,,,,,,,,,,,,,,,,,,,,,,,,,,,,,,,,,,,,,,,,,,,
1736795130000,1000.0,,,,,,,,,,,,,,,,,,,,,,,,,,,,,,,,,,,,,,,,,,,,,,,,,,,
1736795135000,1000.0,,,,,,,,,,,,,,,,,,,,,,,,,,,,,,,,,,,,,,,,,,,,,,,,,,,
1736795140000,1000.0,,,,,,,,,,,,,,,,,,,,,,,,,,,,,,,,,,,,,,,,,,,,,,,,,,,
1736795145000,1000.0,,,,,,,,,,,,,,,,,,,,,,,,,,,,,,,,,,,,,,,,,,,,,,,,,,,
1736795150000,1000.0,,,,,,,,,,,,,,,,,,,,,,,,,,,,,,,,,,,,,,,,,,,,,,,,,,,
1736795155000,1000.0,,,,,,,,,,,,,,,,,,,,,,,,,,,,,,,,,,,,,,,,,,,,,,,,,,,
1736795160000,1000.0,,,,,,,,,,,,,,,,,,,,,,,,,,,,,,,,,,,,,,,,,,,,,,,,,,,
1736795165000,1000.0,,,,,,,,,,,,,,,,,,,,,,,,,,,,,,,,,,,,,,,,,,,,,,,,,,,
1736795170000,1000.0,,,,,,,,,,,,,,,,,,,,,,,,,,,,,,,,,,,,,,,,,,,,,,,,,,,
1736795175000,1000.0,,,,,,,,,,,,,,,,,,,,,,,,,,,,,,,,,,,,,,,,,,,,,,,,,,,
1736795180000,1000.0,,,,,,,,,,,,,,,,,,,,,,,,,,,,,,,,,,,,,,,,,,,,,,,,,,,
1736795185000,1000.0,,,,,,,,,,,,,,,,,,,,,,,,,,,,,,,,,,,,,,,,,,,,,,,,,,,
1736795190000,1000.0,,,,,,,,,,,,,,,,,,,,,,,,,,,,,,,,,,,,,,,,,,,,,,,,,,,
1736795195000,1000.0,,,,,,,,,,,,,,,,,,,,,,,,,,,,,,,,,,,,,,,,,,,,,,,,,,,
1736795200000,1000.0,,,,,,,,,,,,,,,,,,,,,,,,,,,,,,,,,,,,,,,,,,,,,,,,,,,
1736795205000,1000.0,,,,,,,,,,,,,,,,,,,,,,,,,,,,,,,,,,,,,,,,,,,,,,,,,,,
1736795210000,,,,,,,,,,,,,,,,,,,,,,,,,,,,,,,,,,,,,,,,,,,,,,,,,,,,
1736795235000,,1000.0,,,,,,,,,,,,,,,,,,,,,,,,,,,,,,,,,,,,,,,,,,,,,,,,,,
1736795240000,1000.0,0.0,,,,,,,,,,,,,,,,,,,,,,,,,,,,,,,,,,,,,,,,,,,,,,,,,,
1736795245000,622.0,62.0,,,,,,,,,,,,,,,,,,,,,,,,,,,,,,,,,,,,,,,,,,,,,,,,,,
1736795250000,811.0,176.0,,,,,,,,,,,,,,,,,,,,,,,,,,,,,,,,,,,,,,,,,,,,,,,,,,
1736795255000,874.0,298.0,,,,,,,,,,,,,,,,,,,,,,,,,,,,,,,,,,,,,,,,,,,,,,,,,,
1736795260000,906.0,364.0,,,,,,,,,,,,,,,,,,,,,,,,,,,,,,,,,,,,,,,,,,,,,,,,,,
1736795265000,925.0,413.0,,,,,,,,,,,,,,,,,,,,,,,,,,,,,,,,,,,,,,,,,,,,,,,,,,
1736795270000,937.0,453.0,,,,,,,,,,,,,,,,,,,,,,,,,,,,,,,,,,,,,,,,,,,,,,,,,,
1736795275000,946.0,458.0,,,,,,,,,,,,,,,,,,,,,,,,,,,,,,,,,,,,,,,,,,,,,,,,,,
1736795280000,953.0,493.0,,,,,,,,,,,,,,,,,,,,,,,,,,,,,,,,,,,,,,,,,,,,,,,,,,
1736795285000,958.0,529.0,,,,,,,,,,,,,,,,,,,,,,,,,,,,,,,,,,,,,,,,,,,,,,,,,,
1736795290000,963.0,519.0,,,,,,,,,,,,,,,,,,,,,,,,,,,,,,,,,,,,,,,,,,,,,,,,,,
1736795295000,966.0,544.0,,,,,,,,,,,,,,,,,,,,,,,,,,,,,,,,,,,,,,,,,,,,,,,,,,
1736795300000,969.0,594.0,,,,,,,,,,,,,,,,,,,,,,,,,,,,,,,,,,,,,,,,,,,,,,,,,,
1736795305000,1000.0,639.0,,,,,,,,,,,,,,,,,,,,,,,,,,,,,,,,,,,,,,,,,,,,,,,,,,
1736795310000,1000.0,669.0,,,,,,,,,,,,,,,,,,,,,,,,,,,,,,,,,,,,,,,,,,,,,,,,,,
1736795315000,1000.0,661.0,,,,,,,,,,,,,,,,,,,,,,,,,,,,,,,,,,,,,,,,,,,,,,,,,,
1736795320000,1000.0,686.0,,,,,,,,,,,,,,,,,,,,,,,,,,,,,,,,,,,,,,,,,,,,,,,,,,
1736795325000,1000.0,668.0,,,,,,,,,,,,,,,,,,,,,,,,,,,,,,,,,,,,,,,,,,,,,,,,,,
1736795330000,1000.0,694.0,,,,,,,,,,,,,,,,,,,,,,,,,,,,,,,,,,,,,,,,,,,,,,,,,,
1736795335000,1000.0,706.0,,,,,,,,,,,,,,,,,,,,,,,,,,,,,,,,,,,,,,,,,,,,,,,,,,
1736795340000,1000.0,690.0,,,,,,,,,,,,,,,,,,,,,,,,,,,,,,,,,,,,,,,,,,,,,,,,,,
1736795345000,1000.0,678.0,,,,,,,,,,,,,,,,,,,,,,,,,,,,,,,,,,,,,,,,,,,,,,,,,,
1736795350000,1000.0,711.0,,,,,,,,,,,,,,,,,,,,,,,,,,,,,,,,,,,,,,,,,,,,,,,,,,
1736795355000,1000.0,680.0,,,,,,,,,,,,,,,,,,,,,,,,,,,,,,,,,,,,,,,,,,,,,,,,,,
1736795360000,1000.0,702.0,,,,,,,,,,,,,,,,,,,,,,,,,,,,,,,,,,,,,,,,,,,,,,,,,,
1736795365000,1000.0,710.0,,,,,,,,,,,,,,,,,,,,,,,,,,,,,,,,,,,,,,,,,,,,,,,,,,
1736795370000,1000.0,688.0,,,,,,,,,,,,,,,,,,,,,,,,,,,,,,,,,,,,,,,,,,,,,,,,,,
1736795375000,1000.0,713.0,,,,,,,,,,,,,,,,,,,,,,,,,,,,,,,,,,,,,,,,,,,,,,,,,,
1736795380000,1000.0,693.0,,,,,,,,,,,,,,,,,,,,,,,,,,,,,,,,,,,,,,,,,,,,,,,,,,
1736795385000,1000.0,716.0,,,,,,,,,,,,,,,,,,,,,,,,,,,,,,,,,,,,,,,,,,,,,,,,,,
1736795390000,1000.0,705.0,,,,,,,,,,,,,,,,,,,,,,,,,,,,,,,,,,,,,,,,,,,,,,,,,,
1736795395000,1000.0,703.0,,,,,,,,,,,,,,,,,,,,,,,,,,,,,,,,,,,,,,,,,,,,,,,,,,
1736795400000,1000.0,726.0,,,,,,,,,,,,,,,,,,,,,,,,,,,,,,,,,,,,,,,,,,,,,,,,,,
1736795405000,1000.0,748.0,,,,,,,,,,,,,,,,,,,,,,,,,,,,,,,,,,,,,,,,,,,,,,,,,,
1736795410000,1000.0,726.0,,,,,,,,,,,,,,,,,,,,,,,,,,,,,,,,,,,,,,,,,,,,,,,,,,
1736795415000,1000.0,743.0,,,,,,,,,,,,,,,,,,,,,,,,,,,,,,,,,,,,,,,,,,,,,,,,,,
1736795420000,1000.0,732.0,,,,,,,,,,,,,,,,,,,,,,,,,,,,,,,,,,,,,,,,,,,,,,,,,,
1736795425000,999.0,732.0,,,,,,,,,,,,,,,,,,,,,,,,,,,,,,,,,,,,,,,,,,,,,,,,,,
1736795430000,999.0,745.0,,,,,,,,,,,,,,,,,,,,,,,,,,,,,,,,,,,,,,,,,,,,,,,,,,
1736795435000,999.0,745.0,,,,,,,,,,,,,,,,,,,,,,,,,,,,,,,,,,,,,,,,,,,,,,,,,,
1736795440000,999.0,746.0,,,,,,,,,,,,,,,,,,,,,,,,,,,,,,,,,,,,,,,,,,,,,,,,,,
1736795445000,999.0,741.0,,,,,,,,,,,,,,,,,,,,,,,,,,,,,,,,,,,,,,,,,,,,,,,,,,
1736795450000,999.0,744.0,,,,,,,,,,,,,,,,,,,,,,,,,,,,,,,,,,,,,,,,,,,,,,,,,,
1736795455000,999.0,742.0,,,,,,,,,,,,,,,,,,,,,,,,,,,,,,,,,,,,,,,,,,,,,,,,,,
1736795460000,999.0,726.0,,,,,,,,,,,,,,,,,,,,,,,,,,,,,,,,,,,,,,,,,,,,,,,,,,
1736795465000,999.0,720.0,,,,,,,,,,,,,,,,,,,,,,,,,,,,,,,,,,,,,,,,,,,,,,,,,,
1736795470000,999.0,749.0,,,,,,,,,,,,,,,,,,,,,,,,,,,,,,,,,,,,,,,,,,,,,,,,,,
1736795475000,999.0,758.0,,,,,,,,,,,,,,,,,,,,,,,,,,,,,,,,,,,,,,,,,,,,,,,,,,
1736795480000,999.0,754.0,,,,,,,,,,,,,,,,,,,,,,,,,,,,,,,,,,,,,,,,,,,,,,,,,,
1736795485000,1000.0,747.0,,,,,,,,,,,,,,,,,,,,,,,,,,,,,,,,,,,,,,,,,,,,,,,,,,
1736795490000,,,,,,,,,,,,,,,,,,,,,,,,,,,,,,,,,,,,,,,,,,,,,,,,,,,,
1736795510000,,,1000.0,,,,,,,,,,,,,,,,,,,,,,,,,,,,,,,,,,,,,,,,,,,,,,,,,
1736795515000,1000.0,1000.0,85.0,1000.0,,,,,,,,,,,,,,,,,,,,,,,,,,,,,,,,,,,,,,,,,,,,,,,,
1736795520000,573.0,460.0,226.0,399.0,,,,,,,,,,,,,,,,,,,,,,,,,,,,,,,,,,,,,,,,,,,,,,,,
1736795525000,681.0,575.0,316.0,531.0,,,,,,,,,,,,,,,,,,,,,,,,,,,,,,,,,,,,,,,,,,,,,,,,
1736795530000,787.0,624.0,372.0,573.0,,,,,,,,,,,,,,,,,,,,,,,,,,,,,,,,,,,,,,,,,,,,,,,,
1736795535000,841.0,718.0,430.0,659.0,,,,,,,,,,,,,,,,,,,,,,,,,,,,,,,,,,,,,,,,,,,,,,,,
1736795540000,873.0,686.0,450.0,631.0,,,,,,,,,,,,,,,,,,,,,,,,,,,,,,,,,,,,,,,,,,,,,,,,
1736795545000,889.0,667.0,465.0,617.0,,,,,,,,,,,,,,,,,,,,,,,,,,,,,,,,,,,,,,,,,,,,,,,,
1736795550000,904.0,654.0,463.0,608.0,,,,,,,,,,,,,,,,,,,,,,,,,,,,,,,,,,,,,,,,,,,,,,,,
1736795555000,916.0,649.0,483.0,608.0,,,,,,,,,,,,,,,,,,,,,,,,,,,,,,,,,,,,,,,,,,,,,,,,
1736795560000,925.0,659.0,500.0,617.0,,,,,,,,,,,,,,,,,,,,,,,,,,,,,,,,,,,,,,,,,,,,,,,,
1736795565000,931.0,660.0,505.0,619.0,,,,,,,,,,,,,,,,,,,,,,,,,,,,,,,,,,,,,,,,,,,,,,,,
1736795570000,937.0,659.0,511.0,620.0,,,,,,,,,,,,,,,,,,,,,,,,,,,,,,,,,,,,,,,,,,,,,,,,
1736795575000,942.0,665.0,561.0,624.0,,,,,,,,,,,,,,,,,,,,,,,,,,,,,,,,,,,,,,,,,,,,,,,,
1736795580000,977.0,684.0,582.0,652.0,,,,,,,,,,,,,,,,,,,,,,,,,,,,,,,,,,,,,,,,,,,,,,,,
1736795585000,995.0,682.0,594.0,653.0,,,,,,,,,,,,,,,,,,,,,,,,,,,,,,,,,,,,,,,,,,,,,,,,
1736795590000,995.0,671.0,597.0,648.0,,,,,,,,,,,,,,,,,,,,,,,,,,,,,,,,,,,,,,,,,,,,,,,,
1736795595000,995.0,642.0,586.0,620.0,,,,,,,,,,,,,,,,,,,,,,,,,,,,,,,,,,,,,,,,,,,,,,,,
1736795600000,995.0,656.0,597.0,637.0,,,,,,,,,,,,,,,,,,,,,,,,,,,,,,,,,,,,,,,,,,,,,,,,
1736795605000,995.0,684.0,625.0,667.0,,,,,,,,,,,,,,,,,,,,,,,,,,,,,,,,,,,,,,,,,,,,,,,,
1736795610000,996.0,684.0,634.0,687.0,,,,,,,,,,,,,,,,,,,,,,,,,,,,,,,,,,,,,,,,,,,,,,,,
1736795615000,996.0,701.0,621.0,670.0,,,,,,,,,,,,,,,,,,,,,,,,,,,,,,,,,,,,,,,,,,,,,,,,
1736795620000,993.0,685.0,609.0,653.0,,,,,,,,,,,,,,,,,,,,,,,,,,,,,,,,,,,,,,,,,,,,,,,,
1736795625000,995.0,663.0,615.0,649.0,,,,,,,,,,,,,,,,,,,,,,,,,,,,,,,,,,,,,,,,,,,,,,,,
1736795630000,995.0,656.0,613.0,653.0,,,,,,,,,,,,,,,,,,,,,,,,,,,,,,,,,,,,,,,,,,,,,,,,
1736795635000,994.0,657.0,606.0,646.0,,,,,,,,,,,,,,,,,,,,,,,,,,,,,,,,,,,,,,,,,,,,,,,,
1736795640000,995.0,650.0,610.0,639.0,,,,,,,,,,,,,,,,,,,,,,,,,,,,,,,,,,,,,,,,,,,,,,,,
1736795645000,995.0,647.0,604.0,633.0,,,,,,,,,,,,,,,,,,,,,,,,,,,,,,,,,,,,,,,,,,,,,,,,
1736795650000,995.0,643.0,608.0,635.0,,,,,,,,,,,,,,,,,,,,,,,,,,,,,,,,,,,,,,,,,,,,,,,,
1736795655000,994.0,644.0,621.0,637.0,,,,,,,,,,,,,,,,,,,,,,,,,,,,,,,,,,,,,,,,,,,,,,,,
1736795660000,994.0,641.0,610.0,628.0,,,,,,,,,,,,,,,,,,,,,,,,,,,,,,,,,,,,,,,,,,,,,,,,
1736795665000,996.0,634.0,583.0,598.0,,,,,,,,,,,,,,,,,,,,,,,,,,,,,,,,,,,,,,,,,,,,,,,,
1736795670000,996.0,607.0,597.0,588.0,,,,,,,,,,,,,,,,,,,,,,,,,,,,,,,,,,,,,,,,,,,,,,,,
1736795675000,996.0,597.0,640.0,638.0,,,,,,,,,,,,,,,,,,,,,,,,,,,,,,,,,,,,,,,,,,,,,,,,
1736795680000,998.0,646.0,644.0,654.0,,,,,,,,,,,,,,,,,,,,,,,,,,,,,,,,,,,,,,,,,,,,,,,,
1736795685000,997.0,664.0,632.0,644.0,,,,,,,,,,,,,,,,,,,,,,,,,,,,,,,,,,,,,,,,,,,,,,,,
1736795690000,994.0,657.0,628.0,631.0,,,,,,,,,,,,,,,,,,,,,,,,,,,,,,,,,,,,,,,,,,,,,,,,
1736795695000,994.0,646.0,627.0,617.0,,,,,,,,,,,,,,,,,,,,,,,,,,,,,,,,,,,,,,,,,,,,,,,,
1736795700000,993.0,631.0,624.0,616.0,,,,,,,,,,,,,,,,,,,,,,,,,,,,,,,,,,,,,,,,,,,,,,,,
1736795705000,993.0,634.0,632.0,619.0,,,,,,,,,,,,,,,,,,,,,,,,,,,,,,,,,,,,,,,,,,,,,,,,
1736795710000,993.0,639.0,629.0,622.0,,,,,,,,,,,,,,,,,,,,,,,,,,,,,,,,,,,,,,,,,,,,,,,,
1736795715000,994.0,651.0,618.0,620.0,,,,,,,,,,,,,,,,,,,,,,,,,,,,,,,,,,,,,,,,,,,,,,,,
1736795720000,993.0,647.0,621.0,621.0,,,,,,,,,,,,,,,,,,,,,,,,,,,,,,,,,,,,,,,,,,,,,,,,
1736795725000,993.0,648.0,625.0,631.0,,,,,,,,,,,,,,,,,,,,,,,,,,,,,,,,,,,,,,,,,,,,,,,,
1736795730000,992.0,660.0,616.0,624.0,,,,,,,,,,,,,,,,,,,,,,,,,,,,,,,,,,,,,,,,,,,,,,,,
1736795735000,992.0,656.0,602.0,599.0,,,,,,,,,,,,,,,,,,,,,,,,,,,,,,,,,,,,,,,,,,,,,,,,
1736795740000,992.0,629.0,639.0,626.0,,,,,,,,,,,,,,,,,,,,,,,,,,,,,,,,,,,,,,,,,,,,,,,,
1736795745000,993.0,655.0,646.0,636.0,,,,,,,,,,,,,,,,,,,,,,,,,,,,,,,,,,,,,,,,,,,,,,,,
1736795750000,996.0,669.0,640.0,638.0,,,,,,,,,,,,,,,,,,,,,,,,,,,,,,,,,,,,,,,,,,,,,,,,
1736795755000,997.0,670.0,630.0,646.0,,,,,,,,,,,,,,,,,,,,,,,,,,,,,,,,,,,,,,,,,,,,,,,,
1736795760000,998.0,671.0,634.0,637.0,,,,,,,,,,,,,,,,,,,,,,,,,,,,,,,,,,,,,,,,,,,,,,,,
1736795765000,,,,,,,,,,,,,,,,,,,,,,,,,,,,,,,,,,,,,,,,,,,,,,,,,,,,
1736795790000,1000.0,1000.0,1000.0,1000.0,1000.0,1000.0,1000.0,1000.0,,,,,,,,,,,,,,,,,,,,,,,,,,,,,,,,,,,,,,,,,,,,
1736795795000,273.0,112.0,1000.0,1000.0,1000.0,86.0,0.0,141.0,,,,,,,,,,,,,,,,,,,,,,,,,,,,,,,,,,,,,,,,,,,,
1736795800000,478.0,247.0,0.0,0.0,85.0,165.0,0.0,195.0,,,,,,,,,,,,,,,,,,,,,,,,,,,,,,,,,,,,,,,,,,,,
1736795805000,630.0,344.0,0.0,0.0,177.0,303.0,73.0,314.0,,,,,,,,,,,,,,,,,,,,,,,,,,,,,,,,,,,,,,,,,,,,
1736795810000,695.0,408.0,82.0,37.0,292.0,362.0,148.0,346.0,,,,,,,,,,,,,,,,,,,,,,,,,,,,,,,,,,,,,,,,,,,,
1736795815000,743.0,398.0,180.0,118.0,338.0,358.0,179.0,347.0,,,,,,,,,,,,,,,,,,,,,,,,,,,,,,,,,,,,,,,,,,,,
1736795820000,775.0,407.0,215.0,142.0,336.0,371.0,207.0,359.0,,,,,,,,,,,,,,,,,,,,,,,,,,,,,,,,,,,,,,,,,,,,
1736795825000,805.0,403.0,236.0,181.0,342.0,378.0,214.0,354.0,,,,,,,,,,,,,,,,,,,,,,,,,,,,,,,,,,,,,,,,,,,,
1736795830000,828.0,419.0,255.0,224.0,339.0,403.0,255.0,375.0,,,,,,,,,,,,,,,,,,,,,,,,,,,,,,,,,,,,,,,,,,,,
1736795835000,844.0,425.0,271.0,241.0,363.0,414.0,267.0,388.0,,,,,,,,,,,,,,,,,,,,,,,,,,,,,,,,,,,,,,,,,,,,
1736795840000,858.0,439.0,302.0,274.0,375.0,420.0,291.0,398.0,,,,,,,,,,,,,,,,,,,,,,,,,,,,,,,,,,,,,,,,,,,,
1736795845000,869.0,454.0,311.0,282.0,381.0,433.0,304.0,415.0,,,,,,,,,,,,,,,,,,,,,,,,,,,,,,,,,,,,,,,,,,,,
1736795850000,874.0,457.0,337.0,307.0,402.0,438.0,323.0,424.0,,,,,,,,,,,,,,,,,,,,,,,,,,,,,,,,,,,,,,,,,,,,
1736795855000,935.0,495.0,340.0,323.0,406.0,474.0,397.0,459.0,,,,,,,,,,,,,,,,,,,,,,,,,,,,,,,,,,,,,,,,,,,,
1736795860000,954.0,497.0,407.0,413.0,440.0,494.0,423.0,480.0,,,,,,,,,,,,,,,,,,,,,,,,,,,,,,,,,,,,,,,,,,,,
1736795865000,955.0,494.0,429.0,438.0,452.0,490.0,420.0,476.0,,,,,,,,,,,,,,,,,,,,,,,,,,,,,,,,,,,,,,,,,,,,
1736795870000,959.0,483.0,450.0,436.0,448.0,488.0,433.0,486.0,,,,,,,,,,,,,,,,,,,,,,,,,,,,,,,,,,,,,,,,,,,,
1736795875000,963.0,499.0,443.0,441.0,447.0,500.0,449.0,497.0,,,,,,,,,,,,,,,,,,,,,,,,,,,,,,,,,,,,,,,,,,,,
1736795880000,968.0,533.0,460.0,476.0,463.0,538.0,494.0,537.0,,,,,,,,,,,,,,,,,,,,,,,,,,,,,,,,,,,,,,,,,,,,
1736795885000,967.0,536.0,505.0,502.0,508.0,538.0,503.0,549.0,,,,,,,,,,,,,,,,,,,,,,,,,,,,,,,,,,,,,,,,,,,,
1736795890000,957.0,522.0,509.0,490.0,513.0,518.0,486.0,534.0,,,,,,,,,,,,,,,,,,,,,,,,,,,,,,,,,,,,,,,,,,,,
1736795895000,952.0,517.0,502.0,490.0,496.0,514.0,495.0,527.0,,,,,,,,,,,,,,,,,,,,,,,,,,,,,,,,,,,,,,,,,,,,
1736795900000,947.0,515.0,486.0,478.0,490.0,522.0,489.0,534.0,,,,,,,,,,,,,,,,,,,,,,,,,,,,,,,,,,,,,,,,,,,,
1736795905000,949.0,499.0,503.0,498.0,497.0,513.0,497.0,522.0,,,,,,,,,,,,,,,,,,,,,,,,,,,,,,,,,,,,,,,,,,,,
1736795910000,954.0,495.0,488.0,486.0,484.0,507.0,484.0,514.0,,,,,,,,,,,,,,,,,,,,,,,,,,,,,,,,,,,,,,,,,,,,
1736795915000,948.0,498.0,504.0,492.0,483.0,521.0,495.0,519.0,,,,,,,,,,,,,,,,,,,,,,,,,,,,,,,,,,,,,,,,,,,,
1736795920000,955.0,497.0,497.0,497.0,492.0,513.0,484.0,509.0,,,,,,,,,,,,,,,,,,,,,,,,,,,,,,,,,,,,,,,,,,,,
1736795925000,953.0,498.0,507.0,493.0,496.0,516.0,498.0,513.0,,,,,,,,,,,,,,,,,,,,,,,,,,,,,,,,,,,,,,,,,,,,
1736795930000,955.0,500.0,493.0,488.0,501.0,517.0,496.0,510.0,,,,,,,,,,,,,,,,,,,,,,,,,,,,,,,,,,,,,,,,,,,,
1736795935000,947.0,503.0,511.0,501.0,499.0,526.0,500.0,521.0,,,,,,,,,,,,,,,,,,,,,,,,,,,,,,,,,,,,,,,,,,,,
1736795940000,943.0,466.0,507.0,482.0,502.0,486.0,462.0,477.0,,,,,,,,,,,,,,,,,,,,,,,,,,,,,,,,,,,,,,,,,,,,
1736795945000,942.0,484.0,476.0,474.0,455.0,505.0,487.0,492.0,,,,,,,,,,,,,,,,,,,,,,,,,,,,,,,,,,,,,,,,,,,,
1736795950000,954.0,535.0,492.0,511.0,474.0,556.0,534.0,545.0,,,,,,,,,,,,,,,,,,,,,,,,,,,,,,,,,,,,,,,,,,,,
1736795955000,959.0,539.0,547.0,551.0,527.0,555.0,530.0,544.0,,,,,,,,,,,,,,,,,,,,,,,,,,,,,,,,,,,,,,,,,,,,
1736795960000,958.0,527.0,553.0,545.0,529.0,543.0,527.0,532.0,,,,,,,,,,,,,,,,,,,,,,,,,,,,,,,,,,,,,,,,,,,,
1736795965000,953.0,529.0,538.0,527.0,516.0,541.0,518.0,535.0,,,,,,,,,,,,,,,,,,,,,,,,,,,,,,,,,,,,,,,,,,,,
1736795970000,944.0,527.0,538.0,533.0,514.0,541.0,528.0,535.0,,,,,,,,,,,,,,,,,,,,,,,,,,,,,,,,,,,,,,,,,,,,
1736795975000,949.0,519.0,518.0,524.0,513.0,523.0,515.0,521.0,,,,,,,,,,,,,,,,,,,,,,,,,,,,,,,,,,,,,,,,,,,,
1736795980000,947.0,534.0,524.0,534.0,500.0,545.0,526.0,537.0,,,,,,,,,,,,,,,,,,,,,,,,,,,,,,,,,,,,,,,,,,,,
1736795985000,953.0,523.0,526.0,528.0,507.0,530.0,517.0,523.0,,,,,,,,,,,,,,,,,,,,,,,,,,,,,,,,,,,,,,,,,,,,
1736795990000,955.0,529.0,525.0,528.0,492.0,529.0,518.0,520.0,,,,,,,,,,,,,,,,,,,,,,,,,,,,,,,,,,,,,,,,,,,,
1736795995000,959.0,523.0,521.0,526.0,497.0,523.0,514.0,513.0,,,,,,,,,,,,,,,,,,,,,,,,,,,,,,,,,,,,,,,,,,,,
1736796000000,963.0,526.0,512.0,522.0,496.0,528.0,510.0,518.0,,,,,,,,,,,,,,,,,,,,,,,,,,,,,,,,,,,,,,,,,,,,
1736796005000,963.0,519.0,516.0,521.0,501.0,520.0,503.0,512.0,,,,,,,,,,,,,,,,,,,,,,,,,,,,,,,,,,,,,,,,,,,,
1736796010000,958.0,479.0,515.0,496.0,495.0,485.0,477.0,479.0,,,,,,,,,,,,,,,,,,,,,,,,,,,,,,,,,,,,,,,,,,,,
1736796015000,961.0,525.0,473.0,485.0,457.0,532.0,525.0,528.0,,,,,,,,,,,,,,,,,,,,,,,,,,,,,,,,,,,,,,,,,,,,
1736796020000,968.0,518.0,520.0,521.0,506.0,523.0,521.0,516.0,,,,,,,,,,,,,,,,,,,,,,,,,,,,,,,,,,,,,,,,,,,,
1736796025000,964.0,517.0,519.0,524.0,496.0,525.0,522.0,514.0,,,,,,,,,,,,,,,,,,,,,,,,,,,,,,,,,,,,,,,,,,,,
1736796030000,964.0,513.0,519.0,516.0,497.0,522.0,507.0,510.0,,,,,,,,,,,,,,,,,,,,,,,,,,,,,,,,,,,,,,,,,,,,
1736796035000,955.0,502.0,524.0,509.0,491.0,515.0,504.0,506.0,,,,,,,,,,,,,,,,,,,,,,,,,,,,,,,,,,,,,,,,,,,,
1736796040000,,525.0,510.0,502.0,487.0,,,,,,,,,,,,,,,,,,,,,,,,,,,,,,,,,,,,,,,,,,,,,,,
1736796045000,,,,,,,,,,,,,,,,,,,,,,,,,,,,,,,,,,,,,,,,,,,,,,,,,,,,
1736796065000,,,,1000.0,1000.0,1000.0,,,1000.0,,,,1000.0,,,,,,,,,,,,,,,,,,,,,,,,,,,,,,,,,,,,,,,
1736796070000,1000.0,1000.0,1000.0,1000.0,49.0,112.0,1000.0,1000.0,71.0,1000.0,1000.0,1000.0,134.0,1000.0,1000.0,1000.0,,,,,,,,,,,,,,,,,,,,,,,,,,,,,,,,,,,,
1736796075000,1000.0,0.0,1000.0,0.0,71.0,118.0,1000.0,0.0,93.0,0.0,0.0,0.0,127.0,0.0,86.0,0.0,,,,,,,,,,,,,,,,,,,,,,,,,,,,,,,,,,,,
1736796080000,455.0,89.0,20.0,0.0,105.0,133.0,0.0,80.0,113.0,0.0,79.0,114.0,141.0,99.0,102.0,75.0,,,,,,,,,,,,,,,,,,,,,,,,,,,,,,,,,,,,
1736796085000,455.0,162.0,126.0,0.0,111.0,134.0,0.0,185.0,113.0,33.0,179.0,172.0,137.0,162.0,119.0,173.0,,,,,,,,,,,,,,,,,,,,,,,,,,,,,,,,,,,,
1736796090000,637.0,171.0,186.0,0.0,127.0,141.0,0.0,190.0,128.0,69.0,185.0,174.0,146.0,187.0,124.0,186.0,,,,,,,,,,,,,,,,,,,,,,,,,,,,,,,,,,,,
1736796095000,719.0,175.0,206.0,0.0,132.0,144.0,0.0,181.0,132.0,80.0,186.0,180.0,149.0,185.0,137.0,184.0,,,,,,,,,,,,,,,,,,,,,,,,,,,,,,,,,,,,
1736796100000,708.0,181.0,203.0,18.0,135.0,148.0,16.0,185.0,138.0,94.0,187.0,184.0,149.0,192.0,142.0,188.0,,,,,,,,,,,,,,,,,,,,,,,,,,,,,,,,,,,,
1736796105000,705.0,210.0,204.0,76.0,143.0,153.0,39.0,209.0,146.0,107.0,209.0,206.0,156.0,217.0,144.0,214.0,,,,,,,,,,,,,,,,,,,,,,,,,,,,,,,,,,,,
1736796110000,705.0,217.0,222.0,93.0,153.0,172.0,68.0,218.0,158.0,130.0,218.0,212.0,163.0,230.0,153.0,222.0,,,,,,,,,,,,,,,,,,,,,,,,,,,,,,,,,,,,
1736796115000,742.0,229.0,230.0,121.0,171.0,180.0,88.0,232.0,172.0,143.0,233.0,223.0,180.0,241.0,167.0,233.0,,,,,,,,,,,,,,,,,,,,,,,,,,,,,,,,,,,,
1736796120000,768.0,236.0,238.0,151.0,192.0,196.0,117.0,244.0,196.0,164.0,253.0,239.0,203.0,250.0,183.0,239.0,,,,,,,,,,,,,,,,,,,,,,,,,,,,,,,,,,,,
1736796125000,787.0,250.0,245.0,169.0,201.0,208.0,155.0,252.0,208.0,188.0,264.0,251.0,212.0,263.0,202.0,253.0,,,,,,,,,,,,,,,,,,,,,,,,,,,,,,,,,,,,
1736796130000,798.0,256.0,258.0,184.0,232.0,227.0,170.0,260.0,232.0,193.0,270.0,257.0,230.0,269.0,211.0,257.0,,,,,,,,,,,,,,,,,,,,,,,,,,,,,,,,,,,,
1736796135000,815.0,292.0,264.0,268.0,254.0,246.0,182.0,302.0,256.0,240.0,312.0,292.0,251.0,304.0,240.0,295.0,,,,,,,,,,,,,,,,,,,,,,,,,,,,,,,,,,,,
1736796140000,881.0,307.0,292.0,277.0,262.0,261.0,258.0,319.0,263.0,256.0,336.0,310.0,261.0,319.0,263.0,314.0,,,,,,,,,,,,,,,,,,,,,,,,,,,,,,,,,,,,
1736796145000,892.0,310.0,309.0,292.0,287.0,278.0,273.0,314.0,291.0,271.0,333.0,314.0,286.0,324.0,273.0,313.0,,,,,,,,,,,,,,,,,,,,,,,,,,,,,,,,,,,,
1736796150000,889.0,322.0,311.0,317.0,311.0,309.0,286.0,327.0,312.0,284.0,345.0,327.0,309.0,331.0,297.0,324.0,,,,,,,,,,,,,,,,,,,,,,,,,,,,,,,,,,,,
1736796155000,889.0,362.0,317.0,349.0,338.0,330.0,309.0,377.0,343.0,338.0,392.0,371.0,334.0,374.0,318.0,365.0,,,,,,,,,,,,,,,,,,,,,,,,,,,,,,,,,,,,
1736796160000,912.0,361.0,363.0,354.0,346.0,331.0,342.0,376.0,346.0,344.0,393.0,370.0,338.0,374.0,349.0,365.0,,,,,,,,,,,,,,,,,,,,,,,,,,,,,,,,,,,,
1736796165000,932.0,343.0,362.0,335.0,345.0,329.0,345.0,359.0,342.0,345.0,379.0,354.0,336.0,357.0,354.0,346.0,,,,,,,,,,,,,,,,,,,,,,,,,,,,,,,,,,,,
1736796170000,922.0,345.0,348.0,333.0,348.0,323.0,343.0,357.0,338.0,342.0,378.0,352.0,337.0,347.0,351.0,341.0,,,,,,,,,,,,,,,,,,,,,,,,,,,,,,,,,,,,
1736796175000,891.0,341.0,345.0,329.0,344.0,332.0,346.0,352.0,338.0,338.0,374.0,349.0,330.0,341.0,353.0,338.0,,,,,,,,,,,,,,,,,,,,,,,,,,,,,,,,,,,,
1736796180000,859.0,352.0,340.0,323.0,343.0,334.0,343.0,353.0,332.0,338.0,370.0,348.0,326.0,352.0,351.0,346.0,,,,,,,,,,,,,,,,,,,,,,,,,,,,,,,,,,,,
1736796185000,856.0,353.0,351.0,326.0,348.0,339.0,330.0,357.0,336.0,333.0,373.0,351.0,335.0,353.0,350.0,349.0,,,,,,,,,,,,,,,,,,,,,,,,,,,,,,,,,,,,
1736796190000,863.0,355.0,353.0,337.0,343.0,342.0,333.0,356.0,338.0,348.0,375.0,353.0,340.0,352.0,356.0,351.0,,,,,,,,,,,,,,,,,,,,,,,,,,,,,,,,,,,,
1736796195000,859.0,354.0,355.0,340.0,344.0,340.0,347.0,354.0,336.0,357.0,377.0,353.0,337.0,348.0,354.0,351.0,,,,,,,,,,,,,,,,,,,,,,,,,,,,,,,,,,,,
1736796200000,855.0,349.0,354.0,349.0,348.0,340.0,350.0,345.0,342.0,356.0,364.0,349.0,345.0,350.0,351.0,345.0,,,,,,,,,,,,,,,,,,,,,,,,,,,,,,,,,,,,
1736796205000,862.0,347.0,351.0,346.0,342.0,338.0,354.0,343.0,332.0,356.0,362.0,352.0,339.0,350.0,356.0,350.0,,,,,,,,,,,,,,,,,,,,,,,,,,,,,,,,,,,,
1736796210000,855.0,352.0,350.0,339.0,343.0,335.0,354.0,350.0,328.0,358.0,371.0,361.0,331.0,355.0,347.0,354.0,,,,,,,,,,,,,,,,,,,,,,,,,,,,,,,,,,,,
1736796215000,853.0,333.0,353.0,323.0,340.0,347.0,348.0,323.0,335.0,325.0,342.0,335.0,328.0,332.0,352.0,334.0,,,,,,,,,,,,,,,,,,,,,,,,,,,,,,,,,,,,
1736796220000,855.0,364.0,327.0,351.0,354.0,362.0,329.0,353.0,352.0,357.0,371.0,364.0,347.0,361.0,347.0,363.0,,,,,,,,,,,,,,,,,,,,,,,,,,,,,,,,,,,,
1736796225000,861.0,369.0,357.0,354.0,357.0,370.0,360.0,360.0,358.0,359.0,375.0,369.0,349.0,366.0,365.0,373.0,,,,,,,,,,,,,,,,,,,,,,,,,,,,,,,,,,,,
1736796230000,880.0,373.0,363.0,364.0,368.0,387.0,363.0,365.0,374.0,368.0,379.0,379.0,359.0,377.0,370.0,381.0,,,,,,,,,,,,,,,,,,,,,,,,,,,,,,,,,,,,
1736796235000,897.0,376.0,372.0,366.0,360.0,368.0,365.0,365.0,367.0,373.0,379.0,375.0,356.0,382.0,377.0,385.0,,,,,,,,,,,,,,,,,,,,,,,,,,,,,,,,,,,,
1736796240000,907.0,362.0,377.0,359.0,349.0,367.0,367.0,355.0,356.0,359.0,371.0,365.0,345.0,360.0,370.0,372.0,,,,,,,,,,,,,,,,,,,,,,,,,,,,,,,,,,,,
1736796245000,885.0,369.0,360.0,359.0,358.0,367.0,360.0,358.0,361.0,359.0,371.0,366.0,348.0,370.0,359.0,374.0,,,,,,,,,,,,,,,,,,,,,,,,,,,,,,,,,,,,
1736796250000,880.0,379.0,368.0,353.0,356.0,363.0,361.0,363.0,361.0,353.0,373.0,366.0,344.0,375.0,368.0,379.0,,,,,,,,,,,,,,,,,,,,,,,,,,,,,,,,,,,,
1736796255000,885.0,380.0,377.0,358.0,358.0,363.0,359.0,361.0,361.0,354.0,368.0,362.0,345.0,377.0,363.0,378.0,,,,,,,,,,,,,,,,,,,,,,,,,,,,,,,,,,,,
1736796260000,885.0,385.0,377.0,357.0,358.0,365.0,367.0,365.0,362.0,360.0,374.0,359.0,341.0,373.0,365.0,377.0,,,,,,,,,,,,,,,,,,,,,,,,,,,,,,,,,,,,
1736796265000,883.0,387.0,380.0,361.0,360.0,367.0,367.0,368.0,364.0,359.0,377.0,357.0,340.0,376.0,365.0,371.0,,,,,,,,,,,,,,,,,,,,,,,,,,,,,,,,,,,,
1736796270000,882.0,394.0,382.0,357.0,353.0,359.0,369.0,369.0,361.0,364.0,378.0,359.0,340.0,381.0,368.0,374.0,,,,,,,,,,,,,,,,,,,,,,,,,,,,,,,,,,,,
1736796275000,884.0,387.0,388.0,366.0,354.0,345.0,365.0,364.0,348.0,364.0,372.0,354.0,345.0,374.0,356.0,368.0,,,,,,,,,,,,,,,,,,,,,,,,,,,,,,,,,,,,
1736796280000,877.0,368.0,381.0,350.0,348.0,347.0,372.0,355.0,350.0,352.0,361.0,344.0,337.0,360.0,362.0,354.0,,,,,,,,,,,,,,,,,,,,,,,,,,,,,,,,,,,,
1736796285000,873.0,377.0,365.0,372.0,377.0,376.0,356.0,368.0,376.0,364.0,378.0,360.0,363.0,372.0,358.0,363.0,,,,,,,,,,,,,,,,,,,,,,,,,,,,,,,,,,,,
1736796290000,886.0,399.0,374.0,377.0,372.0,361.0,371.0,388.0,370.0,382.0,393.0,377.0,359.0,395.0,385.0,382.0,,,,,,,,,,,,,,,,,,,,,,,,,,,,,,,,,,,,
1736796295000,897.0,390.0,393.0,372.0,373.0,367.0,381.0,385.0,371.0,382.0,388.0,376.0,361.0,387.0,380.0,374.0,,,,,,,,,,,,,,,,,,,,,,,,,,,,,,,,,,,,
1736796300000,906.0,395.0,385.0,373.0,371.0,355.0,374.0,388.0,370.0,392.0,387.0,379.0,359.0,396.0,382.0,380.0,,,,,,,,,,,,,,,,,,,,,,,,,,,,,,,,,,,,
1736796305000,932.0,367.0,391.0,355.0,344.0,336.0,373.0,367.0,346.0,380.0,366.0,358.0,334.0,364.0,382.0,357.0,,,,,,,,,,,,,,,,,,,,,,,,,,,,,,,,,,,,
1736796310000,907.0,345.0,361.0,337.0,335.0,332.0,358.0,351.0,333.0,363.0,351.0,346.0,319.0,347.0,356.0,343.0,,,,,,,,,,,,,,,,,,,,,,,,,,,,,,,,,,,,
1736796315000,876.0,342.0,340.0,349.0,,,336.0,352.0,,361.0,352.0,352.0,337.0,344.0,345.0,343.0,,,,,,,,,,,,,,,,,,,,,,,,,,,,,,,,,,,,
1736796320000,,,,,,,,,,,,,,,,,,,,,,,,,,,,,,,,,,,,,,,,,,,,,,,,,,,,
1736796340000,,,,,,,,,,,,1000.0,,,,,1000.0,,,,,,,,,,,1000.0,,,,,,,,,,,,,,,,,,,,,,,,
1736796345000,1000.0,1000.0,1000.0,1000.0,1000.0,1000.0,1000.0,1000.0,1000.0,1000.0,1000.0,1000.0,1000.0,1000.0,,1000.0,1000.0,1000.0,1000.0,1000.0,1000.0,1000.0,,1000.0,1000.0,,1000.0,1000.0,1000.0,1000.0,1000.0,1000.0,,,,,,,,,,,,,,,,,,,,
1736796350000,1000.0,398.0,0.0,0.0,1000.0,256.0,1000.0,0.0,419.0,350.0,464.0,0.0,424.0,317.0,362.0,0.0,0.0,0.0,450.0,420.0,341.0,0.0,401.0,399.0,0.0,330.0,0.0,0.0,422.0,340.0,1000.0,0.0,,,,,,,,,,,,,,,,,,,,
1736796355000,0.0,235.0,0.0,5.0,0.0,163.0,0.0,0.0,233.0,211.0,264.0,0.0,242.0,182.0,207.0,0.0,0.0,0.0,248.0,236.0,199.0,0.0,223.0,216.0,0.0,188.0,0.0,0.0,247.0,199.0,0.0,0.0,,,,,,,,,,,,,,,,,,,,
1736796360000,0.0,243.0,0.0,60.0,0.0,196.0,0.0,0.0,228.0,224.0,261.0,0.0,239.0,199.0,240.0,32.0,0.0,0.0,244.0,232.0,216.0,28.0,225.0,228.0,11.0,210.0,0.0,0.0,265.0,210.0,0.0,0.0,,,,,,,,,,,,,,,,,,,,
1736796365000,139.0,250.0,0.0,109.0,0.0,223.0,0.0,58.0,246.0,237.0,269.0,5.0,251.0,213.0,250.0,83.0,0.0,57.0,256.0,249.0,233.0,82.0,244.0,246.0,70.0,234.0,12.0,0.0,270.0,233.0,8.0,35.0,,,,,,,,,,,,,,,,,,,,
1736796370000,235.0,246.0,22.0,130.0,31.0,228.0,1.0,87.0,244.0,241.0,262.0,39.0,248.0,217.0,246.0,110.0,0.0,87.0,255.0,250.0,236.0,109.0,242.0,244.0,98.0,237.0,54.0,0.0,265.0,231.0,65.0,70.0,,,,,,,,,,,,,,,,,,,,
1736796375000,326.0,235.0,38.0,130.0,71.0,219.0,48.0,99.0,225.0,233.0,244.0,55.0,234.0,210.0,234.0,119.0,6.0,98.0,236.0,238.0,224.0,118.0,227.0,231.0,106.0,225.0,63.0,19.0,251.0,215.0,96.0,84.0,,,,,,,,,,,,,,,,,,,,
1736796380000,334.0,220.0,60.0,137.0,84.0,204.0,58.0,105.0,215.0,223.0,232.0,83.0,222.0,194.0,218.0,118.0,32.0,99.0,229.0,221.0,212.0,116.0,221.0,214.0,109.0,212.0,86.0,47.0,236.0,212.0,109.0,89.0,,,,,,,,,,,,,,,,,,,,
1736796385000,373.0,239.0,91.0,153.0,95.0,235.0,80.0,131.0,241.0,255.0,266.0,102.0,242.0,226.0,240.0,140.0,58.0,121.0,250.0,239.0,228.0,135.0,246.0,227.0,137.0,230.0,108.0,72.0,251.0,232.0,108.0,110.0,,,,,,,,,,,,,,,,,,,,
1736796390000,440.0,244.0,112.0,163.0,125.0,237.0,96.0,146.0,242.0,260.0,263.0,118.0,240.0,235.0,246.0,148.0,77.0,133.0,258.0,246.0,238.0,144.0,248.0,231.0,155.0,234.0,120.0,88.0,256.0,236.0,137.0,122.0,,,,,,,,,,,,,,,,,,,,
1736796395000,482.0,246.0,123.0,171.0,145.0,238.0,112.0,169.0,240.0,259.0,263.0,131.0,244.0,241.0,253.0,167.0,92.0,155.0,255.0,252.0,243.0,156.0,245.0,238.0,170.0,241.0,131.0,107.0,258.0,236.0,146.0,139.0,,,,,,,,,,,,,,,,,,,,
1736796400000,526.0,245.0,139.0,178.0,165.0,244.0,127.0,183.0,243.0,260.0,264.0,146.0,249.0,246.0,258.0,177.0,111.0,163.0,257.0,255.0,244.0,170.0,250.0,244.0,179.0,248.0,139.0,121.0,260.0,239.0,161.0,155.0,,,,,,,,,,,,,,,,,,,,
1736796405000,549.0,250.0,152.0,183.0,171.0,250.0,137.0,188.0,248.0,262.0,266.0,157.0,251.0,248.0,259.0,182.0,119.0,169.0,259.0,256.0,246.0,173.0,253.0,244.0,181.0,251.0,149.0,129.0,262.0,244.0,176.0,163.0,,,,,,,,,,,,,,,,,,,,
1736796410000,577.0,235.0,234.0,207.0,174.0,249.0,148.0,221.0,234.0,249.0,246.0,223.0,238.0,241.0,247.0,214.0,211.0,205.0,241.0,240.0,238.0,207.0,239.0,233.0,218.0,244.0,214.0,217.0,245.0,236.0,182.0,211.0,,,,,,,,,,,,,,,,,,,,
1736796415000,690.0,264.0,245.0,242.0,222.0,277.0,212.0,250.0,262.0,278.0,278.0,237.0,264.0,271.0,278.0,249.0,226.0,243.0,270.0,269.0,269.0,236.0,269.0,266.0,251.0,275.0,231.0,239.0,271.0,262.0,218.0,244.0,,,,,,,,,,,,,,,,,,,,
1736796420000,744.0,270.0,255.0,251.0,259.0,283.0,233.0,261.0,271.0,281.0,283.0,247.0,273.0,277.0,279.0,258.0,237.0,250.0,277.0,276.0,277.0,249.0,276.0,269.0,253.0,279.0,245.0,247.0,273.0,269.0,245.0,254.0,,,,,,,,,,,,,,,,,,,,
1736796425000,769.0,269.0,258.0,255.0,265.0,278.0,238.0,260.0,267.0,282.0,277.0,253.0,271.0,274.0,278.0,256.0,245.0,249.0,279.0,270.0,274.0,247.0,274.0,262.0,250.0,276.0,247.0,258.0,271.0,265.0,255.0,253.0,,,,,,,,,,,,,,,,,,,,
1736796430000,801.0,304.0,278.0,289.0,265.0,308.0,246.0,300.0,307.0,312.0,319.0,271.0,302.0,305.0,311.0,295.0,264.0,283.0,312.0,302.0,313.0,285.0,313.0,303.0,281.0,307.0,268.0,272.0,312.0,304.0,256.0,285.0,,,,,,,,,,,,,,,,,,,,
1736796435000,821.0,301.0,281.0,297.0,295.0,306.0,271.0,301.0,311.0,309.0,319.0,271.0,300.0,304.0,311.0,296.0,268.0,285.0,311.0,300.0,312.0,285.0,315.0,302.0,283.0,307.0,274.0,276.0,311.0,309.0,292.0,285.0,,,,,,,,,,,,,,,,,,,,
1736796440000,817.0,302.0,276.0,295.0,297.0,308.0,277.0,301.0,313.0,308.0,321.0,262.0,301.0,308.0,312.0,298.0,265.0,287.0,310.0,302.0,314.0,289.0,313.0,305.0,284.0,307.0,268.0,270.0,313.0,306.0,292.0,288.0,,,,,,,,,,,,,,,,,,,,
1736796445000,800.0,294.0,270.0,292.0,296.0,293.0,272.0,297.0,299.0,287.0,298.0,264.0,290.0,294.0,300.0,295.0,265.0,286.0,299.0,294.0,307.0,286.0,301.0,302.0,279.0,298.0,269.0,272.0,302.0,299.0,295.0,288.0,,,,,,,,,,,,,,,,,,,,
1736796450000,768.0,283.0,266.0,284.0,286.0,286.0,279.0,292.0,291.0,277.0,290.0,265.0,283.0,285.0,291.0,297.0,265.0,286.0,285.0,285.0,297.0,283.0,290.0,297.0,272.0,291.0,270.0,273.0,292.0,288.0,289.0,286.0,,,,,,,,,,,,,,,,,,,,
1736796455000,755.0,285.0,269.0,284.0,279.0,288.0,280.0,280.0,299.0,281.0,296.0,262.0,290.0,283.0,288.0,289.0,265.0,276.0,291.0,282.0,296.0,282.0,297.0,290.0,268.0,287.0,272.0,268.0,295.0,293.0,286.0,282.0,,,,,,,,,,,,,,,,,,,,
1736796460000,749.0,285.0,263.0,289.0,271.0,284.0,280.0,274.0,296.0,279.0,295.0,255.0,286.0,278.0,283.0,288.0,261.0,277.0,292.0,277.0,296.0,275.0,297.0,284.0,265.0,278.0,274.0,267.0,292.0,291.0,282.0,275.0,,,,,,,,,,,,,,,,,,,,
1736796465000,748.0,282.0,263.0,289.0,277.0,276.0,284.0,279.0,291.0,277.0,290.0,254.0,284.0,273.0,278.0,296.0,268.0,284.0,286.0,273.0,296.0,284.0,296.0,289.0,271.0,274.0,276.0,273.0,290.0,285.0,275.0,277.0,,,,,,,,,,,,,,,,,,,,
1736796470000,747.0,287.0,257.0,285.0,287.0,279.0,281.0,280.0,292.0,287.0,293.0,254.0,286.0,279.0,286.0,297.0,259.0,283.0,286.0,282.0,304.0,283.0,296.0,290.0,276.0,282.0,271.0,263.0,300.0,284.0,275.0,275.0,,,,,,,,,,,,,,,,,,,,
1736796475000,744.0,273.0,256.0,273.0,286.0,269.0,274.0,269.0,282.0,275.0,280.0,253.0,282.0,270.0,271.0,280.0,259.0,264.0,277.0,269.0,288.0,273.0,287.0,276.0,260.0,273.0,269.0,261.0,288.0,278.0,280.0,259.0,,,,,,,,,,,,,,,,,,,,
1736796480000,734.0,262.0,249.0,268.0,269.0,256.0,272.0,265.0,271.0,266.0,273.0,247.0,272.0,263.0,264.0,273.0,252.0,261.0,269.0,264.0,279.0,261.0,279.0,270.0,260.0,267.0,261.0,257.0,279.0,268.0,271.0,255.0,,,,,,,,,,,,,,,,,,,,
1736796485000,724.0,260.0,242.0,258.0,269.0,252.0,274.0,265.0,273.0,262.0,274.0,239.0,271.0,264.0,261.0,276.0,241.0,262.0,263.0,262.0,280.0,261.0,277.0,270.0,261.0,262.0,256.0,240.0,277.0,267.0,264.0,254.0,,,,,,,,,,,,,,,,,,,,
1736796490000,723.0,226.0,232.0,228.0,270.0,220.0,270.0,226.0,233.0,232.0,232.0,229.0,241.0,234.0,228.0,238.0,234.0,230.0,230.0,228.0,242.0,226.0,242.0,230.0,231.0,231.0,241.0,242.0,236.0,228.0,262.0,225.0,,,,,,,,,,,,,,,,,,,,
1736796495000,720.0,266.0,276.0,261.0,242.0,259.0,246.0,273.0,269.0,272.0,270.0,262.0,281.0,277.0,271.0,283.0,270.0,275.0,268.0,270.0,285.0,269.0,276.0,276.0,283.0,270.0,283.0,284.0,277.0,262.0,227.0,270.0,,,,,,,,,,,,,,,,,,,,
1736796500000,775.0,276.0,286.0,281.0,291.0,279.0,290.0,281.0,280.0,282.0,282.0,274.0,293.0,285.0,292.0,289.0,277.0,287.0,282.0,282.0,308.0,277.0,293.0,286.0,298.0,280.0,290.0,290.0,287.0,278.0,267.0,277.0,,,,,,,,,,,,,,,,,,,,
1736796505000,812.0,282.0,297.0,280.0,305.0,285.0,296.0,282.0,278.0,289.0,282.0,281.0,292.0,287.0,294.0,289.0,284.0,284.0,279.0,288.0,310.0,278.0,292.0,284.0,297.0,286.0,289.0,302.0,292.0,275.0,276.0,276.0,,,,,,,,,,,,,,,,,,,,
1736796510000,844.0,300.0,304.0,297.0,305.0,302.0,290.0,293.0,293.0,310.0,303.0,280.0,310.0,302.0,311.0,304.0,289.0,294.0,298.0,304.0,333.0,291.0,317.0,300.0,312.0,303.0,304.0,296.0,311.0,296.0,274.0,288.0,,,,,,,,,,,,,,,,,,,,
1736796515000,856.0,295.0,294.0,293.0,320.0,298.0,303.0,288.0,281.0,304.0,295.0,271.0,299.0,295.0,304.0,299.0,279.0,287.0,290.0,297.0,326.0,284.0,306.0,295.0,305.0,298.0,295.0,292.0,303.0,286.0,289.0,283.0,,,,,,,,,,,,,,,,,,,,
1736796520000,813.0,286.0,295.0,282.0,316.0,288.0,294.0,283.0,274.0,298.0,286.0,279.0,291.0,287.0,298.0,294.0,280.0,286.0,282.0,289.0,316.0,280.0,298.0,292.0,303.0,290.0,290.0,294.0,294.0,276.0,283.0,279.0,,,,,,,,,,,,,,,,,,,,
1736796525000,807.0,291.0,291.0,285.0,308.0,299.0,287.0,278.0,275.0,300.0,289.0,277.0,293.0,293.0,306.0,286.0,279.0,278.0,285.0,297.0,320.0,276.0,300.0,290.0,298.0,298.0,289.0,290.0,299.0,279.0,277.0,279.0,,,,,,,,,,,,,,,,,,,,
1736796530000,799.0,287.0,291.0,289.0,303.0,297.0,288.0,280.0,276.0,299.0,288.0,273.0,297.0,289.0,298.0,285.0,277.0,279.0,290.0,287.0,311.0,273.0,304.0,284.0,293.0,288.0,292.0,291.0,290.0,283.0,280.0,276.0,,,,,,,,,,,,,,,,,,,,
1736796535000,799.0,288.0,291.0,288.0,304.0,295.0,298.0,283.0,272.0,301.0,290.0,274.0,294.0,285.0,301.0,290.0,279.0,282.0,288.0,290.0,315.0,273.0,303.0,286.0,298.0,286.0,292.0,290.0,293.0,278.0,273.0,278.0,,,,,,,,,,,,,,,,,,,,
1736796540000,808.0,292.0,294.0,290.0,304.0,300.0,292.0,291.0,280.0,304.0,295.0,275.0,296.0,287.0,300.0,293.0,281.0,287.0,293.0,292.0,317.0,275.0,312.0,292.0,306.0,285.0,293.0,292.0,297.0,286.0,275.0,280.0,,,,,,,,,,,,,,,,,,,,
1736796545000,813.0,293.0,302.0,294.0,308.0,308.0,286.0,298.0,277.0,306.0,297.0,284.0,296.0,294.0,308.0,297.0,284.0,287.0,292.0,300.0,320.0,283.0,310.0,300.0,309.0,292.0,294.0,304.0,298.0,284.0,277.0,284.0,,,,,,,,,,,,,,,,,,,,
1736796550000,808.0,299.0,305.0,292.0,307.0,312.0,286.0,298.0,284.0,310.0,302.0,287.0,301.0,293.0,313.0,300.0,281.0,287.0,291.0,302.0,323.0,283.0,311.0,299.0,308.0,294.0,296.0,294.0,304.0,291.0,283.0,283.0,,,,,,,,,,,,,,,,,,,,
1736796555000,812.0,272.0,275.0,271.0,307.0,290.0,297.0,272.0,257.0,284.0,273.0,264.0,273.0,262.0,281.0,270.0,260.0,259.0,270.0,275.0,295.0,253.0,291.0,268.0,273.0,294.0,261.0,260.0,277.0,269.0,286.0,250.0,,,,,,,,,,,,,,,,,,,,
1736796560000,805.0,275.0,286.0,265.0,275.0,287.0,262.0,278.0,259.0,288.0,277.0,275.0,274.0,268.0,275.0,281.0,270.0,258.0,271.0,275.0,284.0,258.0,290.0,271.0,271.0,264.0,274.0,278.0,278.0,268.0,256.0,254.0,,,,,,,,,,,,,,,,,,,,
1736796565000,805.0,298.0,290.0,299.0,276.0,311.0,264.0,302.0,293.0,316.0,314.0,279.0,305.0,298.0,306.0,311.0,279.0,283.0,303.0,298.0,317.0,285.0,321.0,298.0,294.0,265.0,292.0,275.0,307.0,302.0,261.0,285.0,,,,,,,,,,,,,,,,,,,,
1736796570000,812.0,277.0,289.0,283.0,301.0,296.0,287.0,288.0,279.0,295.0,291.0,284.0,288.0,282.0,286.0,291.0,281.0,270.0,283.0,279.0,294.0,269.0,298.0,281.0,275.0,291.0,285.0,285.0,288.0,283.0,292.0,269.0,,,,,,,,,,,,,,,,,,,,
1736796575000,802.0,288.0,292.0,295.0,286.0,310.0,281.0,301.0,291.0,304.0,302.0,289.0,298.0,295.0,301.0,302.0,286.0,283.0,299.0,298.0,312.0,278.0,311.0,297.0,289.0,275.0,288.0,287.0,303.0,295.0,277.0,281.0,,,,,,,,,,,,,,,,,,,,
1736796580000,829.0,291.0,282.0,291.0,298.0,308.0,287.0,295.0,293.0,300.0,302.0,277.0,299.0,294.0,302.0,301.0,276.0,279.0,295.0,296.0,312.0,277.0,312.0,294.0,283.0,291.0,285.0,275.0,303.0,295.0,289.0,279.0,,,,,,,,,,,,,,,,,,,,
1736796585000,791.0,277.0,282.0,279.0,291.0,293.0,285.0,286.0,285.0,288.0,294.0,272.0,288.0,280.0,289.0,292.0,269.0,271.0,284.0,283.0,296.0,267.0,302.0,282.0,276.0,290.0,276.0,278.0,291.0,287.0,286.0,268.0,,,,,,,,,,,,,,,,,,,,
1736796590000,768.0,280.0,286.0,282.0,282.0,296.0,278.0,291.0,284.0,290.0,298.0,276.0,287.0,282.0,297.0,306.0,267.0,284.0,284.0,286.0,302.0,278.0,304.0,289.0,282.0,275.0,278.0,280.0,292.0,287.0,277.0,278.0,,,,,,,,,,,,,,,,,,,,
1736796595000,,,,,287.0,,,,,,,,,,313.0,,,,,,,,315.0,,,281.0,,,,306.0,287.0,,,,,,,,,,,,,,,,,,,,,
1736796600000,,,,,,,,,,,,,,,,,,,,,,,,,,,,,,,,,,,,,,,,,,,,,,,,,,,,
1736796620000,1000.0,1000.0,1000.0,,,1000.0,1000.0,1000.0,1000.0,1000.0,1000.0,1000.0,,,,1000.0,,1000.0,1000.0,1000.0,1000.0,1000.0,,1000.0,,1000.0,1000.0,1000.0,1000.0,,1000.0,1000.0,1000.0,1000.0,1000.0,,,1000.0,1000.0,,1000.0,1000.0,,1000.0,1000.0,1000.0,,1000.0,1000.0,,1000.0,
1736796625000,0.0,169.0,48.0,506.0,1000.0,314.0,382.0,353.0,12.0,1000.0,332.0,117.0,1000.0,184.0,1000.0,374.0,1000.0,355.0,215.0,233.0,0.0,0.0,634.0,334.0,1000.0,345.0,0.0,130.0,311.0,464.0,204.0,1000.0,250.0,1000.0,0.0,372.0,1000.0,283.0,199.0,855.0,195.0,282.0,1000.0,374.0,327.0,7.0,1000.0,0.0,0.0,1000.0,598.0,1000.0
1736796630000,210.0,223.0,77.0,387.0,456.0,259.0,325.0,316.0,58.0,0.0,282.0,98.0,373.0,143.0,416.0,220.0,75.0,326.0,158.0,150.0,0.0,0.0,389.0,208.0,622.0,200.0,0.0,105.0,194.0,464.0,137.0,0.0,255.0,0.0,0.0,223.0,243.0,170.0,137.0,460.0,135.0,172.0,489.0,335.0,204.0,56.0,634.0,35.0,0.0,339.0,416.0,351.0
1736796635000,320.0,196.0,105.0,349.0,362.0,289.0,302.0,270.0,101.0,25.0,249.0,126.0,317.0,156.0,380.0,196.0,86.0,267.0,176.0,176.0,33.0,0.0,373.0,197.0,405.0,192.0,0.0,147.0,200.0,317.0,152.0,0.0,239.0,0.0,27.0,222.0,159.0,181.0,136.0,370.0,164.0,178.0,382.0,279.0,203.0,93.0,391.0,88.0,37.0,302.0,379.0,293.0
1736796640000,325.0,178.0,110.0,298.0,294.0,256.0,262.0,241.0,108.0,65.0,221.0,126.0,258.0,147.0,308.0,192.0,115.0,237.0,162.0,163.0,60.0,2.0,317.0,181.0,377.0,161.0,2.0,141.0,183.0,291.0,144.0,41.0,213.0,0.0,47.0,202.0,182.0,167.0,124.0,307.0,155.0,164.0,340.0,244.0,183.0,99.0,355.0,101.0,65.0,252.0,315.0,231.0
1736796645000,337.0,181.0,117.0,275.0,260.0,240.0,245.0,227.0,115.0,85.0,219.0,129.0,223.0,143.0,267.0,180.0,113.0,222.0,158.0,162.0,74.0,33.0,287.0,173.0,316.0,151.0,33.0,142.0,179.0,252.0,141.0,62.0,205.0,0.0,61.0,191.0,164.0,168.0,121.0,273.0,154.0,159.0,289.0,233.0,178.0,107.0,302.0,108.0,82.0,222.0,286.0,197.0
1736796650000,336.0,183.0,129.0,263.0,246.0,234.0,238.0,221.0,125.0,100.0,213.0,133.0,204.0,147.0,243.0,170.0,124.0,215.0,151.0,153.0,92.0,61.0,275.0,161.0,289.0,137.0,58.0,137.0,167.0,235.0,136.0,77.0,203.0,20.0,87.0,179.0,159.0,160.0,121.0,244.0,148.0,148.0,268.0,228.0,167.0,120.0,276.0,109.0,98.0,215.0,274.0,192.0
1736796655000,362.0,205.0,153.0,269.0,239.0,244.0,248.0,234.0,150.0,116.0,230.0,157.0,197.0,169.0,235.0,171.0,126.0,230.0,177.0,176.0,113.0,88.0,281.0,178.0,274.0,151.0,85.0,152.0,188.0,226.0,164.0,100.0,220.0,48.0,111.0,188.0,148.0,171.0,145.0,258.0,174.0,175.0,255.0,239.0,181.0,144.0,260.0,138.0,119.0,214.0,285.0,189.0
1736796660000,431.0,230.0,164.0,284.0,255.0,253.0,266.0,257.0,167.0,136.0,252.0,177.0,205.0,188.0,246.0,199.0,152.0,253.0,200.0,198.0,143.0,122.0,285.0,200.0,280.0,174.0,109.0,186.0,207.0,238.0,191.0,128.0,240.0,77.0,128.0,218.0,174.0,200.0,164.0,269.0,193.0,193.0,263.0,261.0,201.0,154.0,269.0,167.0,144.0,232.0,296.0,202.0
1736796665000,469.0,238.0,173.0,286.0,277.0,265.0,266.0,262.0,176.0,159.0,256.0,186.0,222.0,197.0,275.0,217.0,168.0,258.0,211.0,213.0,157.0,136.0,299.0,218.0,290.0,189.0,127.0,206.0,225.0,254.0,206.0,145.0,244.0,112.0,142.0,239.0,195.0,220.0,174.0,268.0,208.0,202.0,285.0,264.0,210.0,163.0,276.0,180.0,156.0,256.0,304.0,225.0
1736796670000,488.0,249.0,180.0,289.0,283.0,273.0,271.0,268.0,182.0,179.0,264.0,187.0,232.0,200.0,277.0,216.0,176.0,265.0,208.0,210.0,166.0,149.0,301.0,213.0,296.0,185.0,141.0,205.0,220.0,263.0,204.0,161.0,251.0,125.0,155.0,231.0,206.0,217.0,174.0,257.0,204.0,200.0,287.0,268.0,208.0,173.0,289.0,179.0,166.0,258.0,302.0,231.0
1736796675000,513.0,250.0,187.0,289.0,288.0,264.0,270.0,266.0,191.0,187.0,261.0,202.0,229.0,208.0,281.0,225.0,179.0,262.0,219.0,220.0,171.0,157.0,291.0,222.0,295.0,189.0,146.0,212.0,229.0,269.0,218.0,175.0,250.0,138.0,166.0,238.0,202.0,225.0,182.0,267.0,217.0,213.0,291.0,268.0,212.0,179.0,292.0,197.0,173.0,262.0,293.0,236.0
1736796680000,527.0,246.0,192.0,281.0,283.0,262.0,263.0,260.0,194.0,188.0,255.0,203.0,227.0,207.0,278.0,230.0,189.0,258.0,221.0,221.0,173.0,161.0,290.0,226.0,286.0,190.0,149.0,214.0,230.0,262.0,213.0,181.0,242.0,147.0,175.0,238.0,218.0,226.0,179.0,261.0,216.0,213.0,288.0,258.0,214.0,184.0,283.0,196.0,175.0,261.0,288.0,234.0
1736796685000,600.0,263.0,204.0,269.0,274.0,253.0,261.0,258.0,211.0,193.0,255.0,213.0,222.0,208.0,275.0,215.0,190.0,255.0,219.0,218.0,212.0,222.0,254.0,213.0,284.0,174.0,200.0,218.0,222.0,264.0,214.0,189.0,247.0,152.0,203.0,223.0,215.0,216.0,182.0,205.0,216.0,205.0,280.0,254.0,201.0,200.0,281.0,212.0,215.0,253.0,254.0,228.0
1736796690000,630.0,261.0,228.0,271.0,263.0,269.0,262.0,257.0,228.0,219.0,263.0,232.0,216.0,226.0,272.0,237.0,203.0,255.0,239.0,237.0,220.0,228.0,274.0,235.0,256.0,191.0,209.0,239.0,243.0,250.0,239.0,214.0,251.0,213.0,223.0,246.0,212.0,237.0,192.0,228.0,236.0,226.0,264.0,248.0,223.0,220.0,246.0,232.0,221.0,256.0,269.0,219.0
1736796695000,651.0,279.0,231.0,278.0,263.0,256.0,270.0,267.0,232.0,233.0,272.0,242.0,211.0,231.0,260.0,243.0,218.0,270.0,248.0,242.0,245.0,251.0,260.0,243.0,268.0,195.0,223.0,241.0,247.0,262.0,253.0,236.0,260.0,220.0,223.0,246.0,236.0,240.0,203.0,240.0,246.0,234.0,264.0,261.0,229.0,222.0,265.0,241.0,242.0,256.0,260.0,216.0
1736796700000,697.0,294.0,267.0,300.0,277.0,282.0,286.0,292.0,260.0,240.0,290.0,269.0,225.0,256.0,279.0,271.0,225.0,284.0,273.0,268.0,256.0,260.0,284.0,275.0,263.0,224.0,254.0,281.0,273.0,264.0,282.0,236.0,280.0,243.0,262.0,288.0,242.0,282.0,232.0,266.0,283.0,260.0,269.0,279.0,265.0,256.0,259.0,266.0,256.0,274.0,285.0,232.0
1736796705000,713.0,296.0,265.0,304.0,302.0,281.0,291.0,297.0,259.0,262.0,292.0,269.0,234.0,256.0,290.0,269.0,251.0,288.0,270.0,263.0,260.0,262.0,284.0,271.0,298.0,224.0,259.0,279.0,267.0,289.0,277.0,260.0,283.0,259.0,263.0,284.0,271.0,277.0,228.0,263.0,279.0,257.0,291.0,281.0,260.0,255.0,284.0,262.0,262.0,289.0,281.0,242.0
1736796710000,759.0,306.0,276.0,310.0,304.0,294.0,296.0,302.0,269.0,266.0,298.0,281.0,239.0,264.0,297.0,277.0,245.0,297.0,284.0,275.0,271.0,270.0,296.0,287.0,298.0,237.0,262.0,289.0,284.0,292.0,292.0,260.0,288.0,262.0,272.0,297.0,268.0,288.0,237.0,277.0,293.0,273.0,294.0,282.0,274.0,266.0,285.0,276.0,272.0,292.0,292.0,245.0
1736796715000,759.0,294.0,270.0,302.0,307.0,285.0,285.0,294.0,265.0,274.0,290.0,274.0,244.0,261.0,308.0,286.0,255.0,288.0,279.0,270.0,261.0,259.0,285.0,285.0,304.0,237.0,259.0,296.0,279.0,302.0,287.0,271.0,277.0,274.0,268.0,301.0,284.0,292.0,229.0,269.0,288.0,269.0,298.0,274.0,276.0,264.0,295.0,273.0,267.0,299.0,280.0,249.0
1736796720000,729.0,275.0,261.0,289.0,294.0,269.0,269.0,277.0,254.0,268.0,270.0,262.0,237.0,250.0,293.0,265.0,249.0,269.0,262.0,250.0,253.0,247.0,272.0,267.0,293.0,219.0,247.0,274.0,263.0,294.0,269.0,263.0,262.0,264.0,259.0,276.0,277.0,273.0,217.0,250.0,273.0,255.0,292.0,256.0,258.0,257.0,287.0,256.0,257.0,289.0,262.0,240.0
1736796725000,717.0,270.0,258.0,279.0,273.0,260.0,266.0,266.0,248.0,255.0,263.0,257.0,225.0,242.0,269.0,253.0,240.0,259.0,254.0,240.0,245.0,242.0,260.0,255.0,279.0,207.0,243.0,261.0,249.0,275.0,259.0,253.0,256.0,255.0,255.0,259.0,261.0,260.0,207.0,243.0,264.0,249.0,269.0,247.0,250.0,254.0,273.0,248.0,253.0,272.0,249.0,220.0
1736796730000,725.0,264.0,260.0,275.0,266.0,247.0,260.0,258.0,252.0,248.0,257.0,261.0,214.0,245.0,261.0,251.0,234.0,254.0,255.0,239.0,243.0,240.0,246.0,257.0,273.0,208.0,240.0,260.0,253.0,270.0,261.0,249.0,251.0,249.0,253.0,259.0,250.0,260.0,212.0,249.0,266.0,250.0,263.0,240.0,252.0,254.0,261.0,256.0,251.0,264.0,240.0,209.0
1736796735000,718.0,257.0,258.0,268.0,258.0,254.0,254.0,256.0,247.0,240.0,257.0,252.0,215.0,241.0,256.0,247.0,238.0,250.0,246.0,233.0,237.0,238.0,254.0,254.0,264.0,208.0,242.0,259.0,246.0,256.0,252.0,244.0,247.0,246.0,251.0,257.0,256.0,259.0,204.0,238.0,261.0,242.0,255.0,236.0,254.0,252.0,247.0,247.0,244.0,261.0,245.0,201.0
1736796740000,726.0,264.0,261.0,272.0,257.0,249.0,262.0,261.0,249.0,244.0,265.0,256.0,210.0,245.0,254.0,243.0,233.0,255.0,243.0,231.0,243.0,244.0,249.0,248.0,273.0,204.0,245.0,255.0,244.0,262.0,257.0,244.0,257.0,243.0,245.0,252.0,243.0,255.0,209.0,240.0,263.0,241.0,254.0,245.0,251.0,250.0,253.0,251.0,253.0,257.0,241.0,195.0
1736796745000,719.0,257.0,264.0,263.0,266.0,253.0,252.0,253.0,253.0,244.0,255.0,253.0,216.0,245.0,260.0,245.0,240.0,251.0,245.0,238.0,233.0,235.0,251.0,254.0,272.0,205.0,239.0,260.0,245.0,259.0,257.0,237.0,252.0,251.0,250.0,259.0,251.0,262.0,205.0,244.0,265.0,243.0,259.0,241.0,254.0,253.0,250.0,255.0,246.0,265.0,245.0,202.0
1736796750000,709.0,253.0,250.0,258.0,258.0,246.0,245.0,249.0,245.0,242.0,250.0,244.0,211.0,238.0,249.0,236.0,235.0,244.0,236.0,232.0,230.0,237.0,241.0,245.0,265.0,201.0,241.0,253.0,240.0,251.0,245.0,243.0,246.0,247.0,240.0,251.0,250.0,255.0,204.0,233.0,259.0,237.0,251.0,240.0,243.0,243.0,253.0,248.0,244.0,255.0,233.0,201.0
1736796755000,708.0,247.0,251.0,251.0,258.0,244.0,235.0,241.0,244.0,241.0,246.0,242.0,211.0,240.0,250.0,234.0,231.0,238.0,232.0,229.0,215.0,224.0,240.0,241.0,261.0,198.0,234.0,250.0,237.0,245.0,239.0,233.0,238.0,245.0,245.0,252.0,238.0,255.0,203.0,226.0,250.0,235.0,249.0,232.0,239.0,249.0,242.0,249.0,234.0,254.0,231.0,199.0
1736796760000,694.0,239.0,223.0,231.0,248.0,229.0,226.0,223.0,226.0,235.0,237.0,219.0,201.0,221.0,238.0,214.0,231.0,229.0,214.0,210.0,212.0,220.0,227.0,221.0,255.0,180.0,211.0,219.0,219.0,236.0,217.0,239.0,225.0,232.0,215.0,220.0,236.0,223.0,179.0,206.0,221.0,218.0,239.0,218.0,213.0,224.0,238.0,228.0,223.0,245.0,218.0,189.0
1736796765000,716.0,251.0,235.0,242.0,228.0,234.0,235.0,229.0,236.0,221.0,244.0,230.0,195.0,231.0,237.0,225.0,210.0,242.0,224.0,220.0,224.0,232.0,235.0,231.0,233.0,187.0,214.0,229.0,230.0,219.0,232.0,224.0,234.0,228.0,222.0,231.0,212.0,232.0,190.0,217.0,232.0,227.0,225.0,228.0,225.0,234.0,218.0,240.0,234.0,235.0,228.0,184.0
1736796770000,714.0,249.0,246.0,252.0,235.0,238.0,240.0,240.0,250.0,223.0,254.0,240.0,205.0,243.0,247.0,241.0,225.0,249.0,234.0,232.0,222.0,232.0,239.0,243.0,242.0,198.0,230.0,243.0,240.0,223.0,243.0,231.0,246.0,241.0,229.0,243.0,221.0,247.0,199.0,226.0,243.0,243.0,233.0,236.0,234.0,244.0,223.0,256.0,239.0,246.0,232.0,194.0
1736796775000,715.0,247.0,239.0,249.0,249.0,235.0,240.0,236.0,245.0,235.0,250.0,238.0,207.0,235.0,245.0,229.0,236.0,249.0,227.0,229.0,226.0,235.0,236.0,239.0,254.0,193.0,224.0,232.0,237.0,231.0,235.0,237.0,244.0,236.0,224.0,234.0,234.0,239.0,197.0,223.0,240.0,234.0,243.0,234.0,227.0,235.0,235.0,250.0,237.0,247.0,228.0,191.0
1736796780000,723.0,250.0,250.0,251.0,248.0,242.0,240.0,236.0,250.0,230.0,256.0,242.0,206.0,242.0,249.0,240.0,232.0,249.0,235.0,238.0,223.0,237.0,244.0,249.0,249.0,198.0,230.0,244.0,246.0,225.0,242.0,232.0,246.0,240.0,236.0,247.0,229.0,245.0,203.0,232.0,249.0,243.0,239.0,236.0,240.0,245.0,228.0,261.0,237.0,245.0,234.0,191.0
1736796785000,693.0,243.0,243.0,249.0,250.0,235.0,233.0,234.0,247.0,236.0,251.0,236.0,203.0,236.0,254.0,233.0,236.0,245.0,230.0,231.0,218.0,230.0,236.0,241.0,252.0,191.0,222.0,235.0,241.0,233.0,235.0,243.0,240.0,243.0,229.0,242.0,238.0,235.0,199.0,227.0,242.0,236.0,244.0,232.0,232.0,238.0,235.0,256.0,231.0,245.0,225.0,191.0
1736796790000,667.0,235.0,231.0,240.0,243.0,231.0,228.0,230.0,237.0,227.0,244.0,228.0,196.0,226.0,246.0,226.0,232.0,239.0,225.0,227.0,211.0,223.0,233.0,235.0,241.0,187.0,219.0,230.0,234.0,224.0,227.0,232.0,235.0,238.0,219.0,236.0,235.0,228.0,191.0,217.0,236.0,229.0,238.0,225.0,226.0,228.0,226.0,244.0,226.0,240.0,222.0,188.0
1736796795000,663.0,236.0,232.0,240.0,237.0,230.0,230.0,230.0,239.0,230.0,238.0,224.0,192.0,224.0,241.0,224.0,223.0,236.0,223.0,221.0,213.0,224.0,227.0,233.0,241.0,182.0,218.0,226.0,229.0,223.0,223.0,226.0,234.0,234.0,218.0,233.0,223.0,221.0,191.0,216.0,230.0,228.0,233.0,223.0,220.0,228.0,225.0,241.0,227.0,231.0,220.0,186.0
1736796800000,661.0,233.0,230.0,235.0,236.0,230.0,223.0,224.0,236.0,225.0,230.0,223.0,192.0,225.0,238.0,223.0,219.0,230.0,224.0,223.0,213.0,223.0,229.0,231.0,229.0,183.0,215.0,228.0,229.0,216.0,221.0,228.0,227.0,233.0,216.0,235.0,222.0,221.0,193.0,214.0,229.0,228.0,229.0,218.0,220.0,228.0,224.0,239.0,223.0,231.0,221.0,186.0
1736796805000,658.0,231.0,225.0,237.0,231.0,229.0,226.0,226.0,231.0,219.0,234.0,221.0,187.0,219.0,235.0,223.0,218.0,229.0,225.0,219.0,212.0,221.0,230.0,232.0,226.0,183.0,218.0,226.0,228.0,212.0,220.0,227.0,227.0,227.0,216.0,234.0,221.0,220.0,187.0,215.0,227.0,228.0,225.0,218.0,221.0,226.0,222.0,238.0,219.0,226.0,222.0,179.0
1736796810000,653.0,233.0,228.0,237.0,231.0,221.0,228.0,224.0,238.0,224.0,226.0,225.0,185.0,222.0,231.0,223.0,219.0,229.0,227.0,221.0,214.0,222.0,223.0,227.0,228.0,178.0,214.0,221.0,225.0,217.0,220.0,228.0,220.0,222.0,215.0,228.0,220.0,216.0,189.0,216.0,228.0,226.0,229.0,219.0,220.0,224.0,224.0,239.0,222.0,226.0,217.0,175.0
1736796815000,651.0,232.0,225.0,235.0,224.0,220.0,230.0,224.0,233.0,216.0,229.0,219.0,185.0,214.0,233.0,228.0,219.0,227.0,223.0,217.0,209.0,216.0,224.0,229.0,221.0,181.0,218.0,225.0,224.0,213.0,212.0,225.0,225.0,230.0,213.0,234.0,222.0,217.0,180.0,213.0,227.0,219.0,224.0,214.0,223.0,215.0,217.0,231.0,216.0,221.0,215.0,175.0
1736796820000,650.0,235.0,226.0,236.0,228.0,221.0,229.0,218.0,232.0,224.0,224.0,219.0,184.0,212.0,224.0,224.0,211.0,226.0,221.0,216.0,207.0,216.0,223.0,225.0,227.0,179.0,213.0,224.0,221.0,219.0,213.0,221.0,224.0,227.0,216.0,230.0,214.0,213.0,182.0,211.0,225.0,220.0,229.0,215.0,220.0,214.0,220.0,233.0,220.0,217.0,213.0,172.0
1736796825000,641.0,228.0,221.0,227.0,227.0,219.0,225.0,214.0,230.0,222.0,223.0,218.0,183.0,211.0,222.0,222.0,211.0,218.0,222.0,217.0,200.0,207.0,220.0,225.0,223.0,178.0,211.0,224.0,223.0,217.0,211.0,223.0,220.0,226.0,211.0,231.0,219.0,212.0,182.0,210.0,228.0,222.0,224.0,207.0,216.0,209.0,221.0,232.0,211.0,218.0,208.0,171.0
1736796830000,639.0,229.0,201.0,215.0,226.0,214.0,222.0,205.0,212.0,224.0,214.0,201.0,176.0,195.0,213.0,207.0,208.0,209.0,203.0,200.0,194.0,204.0,213.0,205.0,219.0,159.0,194.0,209.0,201.0,218.0,189.0,221.0,211.0,213.0,204.0,214.0,222.0,191.0,167.0,194.0,207.0,199.0,219.0,204.0,197.0,194.0,219.0,207.0,202.0,212.0,202.0,163.0
1736796835000,668.0,245.0,206.0,233.0,216.0,220.0,236.0,218.0,220.0,210.0,228.0,211.0,174.0,203.0,215.0,221.0,191.0,222.0,217.0,206.0,212.0,222.0,218.0,217.0,207.0,169.0,208.0,220.0,215.0,210.0,200.0,212.0,224.0,211.0,210.0,226.0,203.0,201.0,174.0,200.0,220.0,205.0,211.0,218.0,208.0,200.0,205.0,217.0,220.0,203.0,208.0,164.0
1736796840000,698.0,262.0,225.0,260.0,228.0,240.0,268.0,238.0,260.0,219.0,247.0,238.0,185.0,227.0,234.0,244.0,198.0,242.0,237.0,229.0,225.0,237.0,240.0,238.0,216.0,191.0,231.0,236.0,240.0,219.0,222.0,223.0,243.0,227.0,226.0,248.0,214.0,237.0,191.0,231.0,242.0,225.0,221.0,233.0,242.0,222.0,214.0,252.0,250.0,218.0,228.0,178.0
1736796845000,754.0,266.0,233.0,264.0,244.0,249.0,272.0,239.0,255.0,237.0,254.0,226.0,199.0,219.0,245.0,252.0,222.0,246.0,229.0,227.0,232.0,245.0,254.0,238.0,237.0,193.0,239.0,241.0,238.0,237.0,214.0,242.0,246.0,238.0,237.0,254.0,235.0,244.0,179.0,229.0,240.0,220.0,252.0,238.0,246.0,212.0,234.0,249.0,256.0,236.0,238.0,193.0
1736796850000,772.0,269.0,238.0,266.0,245.0,255.0,277.0,241.0,259.0,247.0,258.0,232.0,206.0,227.0,253.0,254.0,211.0,250.0,237.0,234.0,234.0,246.0,258.0,242.0,245.0,196.0,240.0,246.0,243.0,246.0,223.0,250.0,249.0,248.0,240.0,258.0,227.0,249.0,185.0,238.0,248.0,228.0,258.0,240.0,247.0,217.0,243.0,262.0,258.0,240.0,242.0,197.0
1736796855000,739.0,266.0,229.0,262.0,248.0,244.0,270.0,232.0,250.0,246.0,251.0,228.0,205.0,220.0,253.0,248.0,216.0,245.0,233.0,232.0,227.0,240.0,252.0,238.0,249.0,196.0,232.0,244.0,243.0,249.0,218.0,254.0,242.0,251.0,233.0,256.0,237.0,250.0,180.0,234.0,247.0,224.0,261.0,236.0,247.0,208.0,248.0,257.0,254.0,246.0,234.0,199.0
1736796860000,713.0,257.0,220.0,258.0,241.0,241.0,266.0,228.0,244.0,239.0,246.0,222.0,201.0,211.0,247.0,243.0,211.0,241.0,229.0,226.0,223.0,234.0,247.0,233.0,245.0,191.0,227.0,240.0,238.0,246.0,214.0,243.0,240.0,245.0,229.0,249.0,232.0,246.0,170.0,229.0,241.0,218.0,254.0,229.0,242.0,201.0,238.0,250.0,246.0,240.0,228.0,194.0
1736796865000,,,,,,,,,,,,,195.0,216.0,240.0,,199.0,,,,,,,,,,,236.0,,,,238.0,,,,245.0,223.0,,,,,,252.0,,,,234.0,251.0,,,,189.0
1736796870000,,,,,,,,,,,,,,,,,,,,,,,,,,,,,,,,,,,,,,,,,,,,,,,,,,,,
